sequence,specimen,species,gene,location,sample_type,serial,dynamic_month,clone_n,pcr_n,pcr_info,serial_raw,serial_bool,first_sampling
BGH150WBGag2,BGH150,human,gag,Charmaguria,WB,,299,2,0,,,False,True
BGH150WBGag4,BGH150,human,gag,Charmaguria,WB,,299,4,0,,,False,True
BGH150WBGag5,BGH150,human,gag,Charmaguria,WB,,299,5,0,,,False,True
BGH150WBGag6,BGH150,human,gag,Charmaguria,WB,,299,6,0,,,False,True
BGH150WBGag8,BGH150,human,gag,Charmaguria,WB,,299,8,0,,,False,True
BGH31WBGag1,BGH31,human,gag,Bormi,WB,,265,1,0,,,False,True
BGH31WBGag2,BGH31,human,gag,Bormi,WB,,265,2,0,,,False,True
BGH31WBGag3,BGH31,human,gag,Bormi,WB,,265,3,0,,,False,True
BGH31WBGag4,BGH31,human,gag,Bormi,WB,,265,4,0,,,False,True
BGH31WBGag5,BGH31,human,gag,Bormi,WB,,265,5,0,,,False,True
BGH31WBGag6,BGH31,human,gag,Bormi,WB,,265,6,0,,,False,True
BGH34WBGag1,BGH34,human,gag,Bormi,WB,1,265,1,0,,,True,True
BGH34WBGag2,BGH34,human,gag,Bormi,WB,1,265,2,0,,,True,True
BGH34WBGag3,BGH34,human,gag,Bormi,WB,1,265,3,0,,,True,True
BGH34WBGag4,BGH34,human,gag,Bormi,WB,1,265,4,0,,,True,True
BGH34WBGag5,BGH34,human,gag,Bormi,WB,1,265,5,0,,,True,True
BGH34BtrimmedWBGag4,BGH34,human,gag,Bormi,WB,2,298,4,0,trimmed,B,True,False
BGH34BtrimmedWBGag5,BGH34,human,gag,Bormi,WB,2,298,5,0,trimmed,B,True,False
BGH34BtrimmedWBGag6,BGH34,human,gag,Bormi,WB,2,298,6,0,trimmed,B,True,False
BGH4WBGag1,BGH4,human,gag,Dhamrai,WB,,265,1,0,,,False,True
BGH4WBGag2,BGH4,human,gag,Dhamrai,WB,,265,2,0,,,False,True
BGH4WBGag3,BGH4,human,gag,Dhamrai,WB,,265,3,0,,,False,True
BGH4WBGag4,BGH4,human,gag,Dhamrai,WB,,265,4,0,,,False,True
BGH59WBGag1,BGH59,human,gag,Bormi,WB,1,287,1,0,,,True,True
BGH59WBGag2,BGH59,human,gag,Bormi,WB,1,287,2,0,,,True,True
BGH59WBGag3,BGH59,human,gag,Bormi,WB,1,287,3,0,,,True,True
BGH59WBGag4,BGH59,human,gag,Bormi,WB,1,287,4,0,,,True,True
BGH59WBGag5,BGH59,human,gag,Bormi,WB,1,287,5,0,,,True,True
BGH59WBGag6,BGH59,human,gag,Bormi,WB,1,287,6,0,,,True,True
BGH59trimmedWBGag104,BGH59,human,gag,Bormi,WB,1,287,104,1,trimmed,,True,True
BGH59trimmedWBGag105,BGH59,human,gag,Bormi,WB,1,287,105,1,trimmed,,True,True
BGH59trimmedWBGag106,BGH59,human,gag,Bormi,WB,1,287,106,1,trimmed,,True,True
BGH59WBGag501,BGH59,human,gag,Bormi,WB,1,287,501,5,,,True,True
BGH59WBGag502,BGH59,human,gag,Bormi,WB,1,287,502,5,,,True,True
BGH59WBGag503,BGH59,human,gag,Bormi,WB,1,287,503,5,,,True,True
BGH59WBGag506,BGH59,human,gag,Bormi,WB,1,287,506,5,,,True,True
BGH59AtrimmedWBGag102,BGH59,human,gag,Bormi,WB,2,298,102,1,trimmed,A,True,False
BGH59AtrimmedWBGag103,BGH59,human,gag,Bormi,WB,2,298,103,1,trimmed,A,True,False
BGH59WBGag203,BGH59,human,gag,Narayanganj,WB,3,328,203,2,,,True,False
BGH59WBGag204,BGH59,human,gag,Narayanganj,WB,3,328,204,2,,,True,False
BGH59WBGag205,BGH59,human,gag,Narayanganj,WB,3,328,205,2,,,True,False
BGH59WBGag206,BGH59,human,gag,Narayanganj,WB,3,328,206,2,,,True,False
BGH63WBGag1,BGH63,human,gag,Bormi,WB,1,287,1,0,,,True,True
BGH63WBGag2,BGH63,human,gag,Bormi,WB,1,287,2,0,,,True,True
BGH63WBGag3,BGH63,human,gag,Bormi,WB,1,287,3,0,,,True,True
BGH63WBGag4,BGH63,human,gag,Bormi,WB,1,287,4,0,,,True,True
BGH63WBGag5,BGH63,human,gag,Bormi,WB,1,287,5,0,,,True,True
BGH63WBGag6,BGH63,human,gag,Bormi,WB,1,287,6,0,,,True,True
BGH63AWBGag1,BGH63,human,gag,Bormi,WB,2,298,1,0,,A,True,False
BGH63AWBGag2,BGH63,human,gag,Bormi,WB,2,298,2,0,,A,True,False
BGH63AWBGag3,BGH63,human,gag,Bormi,WB,2,298,3,0,,A,True,False
BGH63AWBGag4,BGH63,human,gag,Bormi,WB,2,298,4,0,,A,True,False
BGH63AWBGag5,BGH63,human,gag,Bormi,WB,2,298,5,0,,A,True,False
BGH63AWBGag7,BGH63,human,gag,Bormi,WB,2,298,7,0,,A,True,False
BGH63AtrimmedWBGag101,BGH63,human,gag,Bormi,WB,2,298,101,1,trimmed,A,True,False
BGH63AtrimmedWBGag102,BGH63,human,gag,Bormi,WB,2,298,102,1,trimmed,A,True,False
BGH63AtrimmedWBGag103,BGH63,human,gag,Bormi,WB,2,298,103,1,trimmed,A,True,False
BGH83WBGag1,BGH83,human,gag,Bormi,WB,1,287,1,0,,,True,True
BGH83WBGag2,BGH83,human,gag,Bormi,WB,1,287,2,0,,,True,True
BGH83WBGag3,BGH83,human,gag,Bormi,WB,1,287,3,0,,,True,True
BGH83WBGag4,BGH83,human,gag,Bormi,WB,1,287,4,0,,,True,True
BGH83WBGag5,BGH83,human,gag,Bormi,WB,1,287,5,0,,,True,True
BGH83WBGag6,BGH83,human,gag,Bormi,WB,1,287,6,0,,,True,True
BGH83AWBGag7,BGH83,human,gag,Bormi,WB,2,298,7,0,,A,True,False
BGH83AGag8,BGH83,human,gag,Bormi,WB,2,298,8,0,,A,True,False
BGH83AWBGag9,BGH83,human,gag,Bormi,WB,2,298,9,0,,A,True,False
BGH83AWBGag10,BGH83,human,gag,Bormi,WB,2,298,10,0,,A,True,False
BGH83AWBGag11,BGH83,human,gag,Bormi,WB,2,298,11,0,,A,True,False
BGH83AWBGag101,BGH83,human,gag,Bormi,WB,2,298,101,1,,A,True,False
BGH83AWBGag102,BGH83,human,gag,Bormi,WB,2,298,102,1,,A,True,False
BGH83AWBGag103,BGH83,human,gag,Bormi,WB,2,298,103,1,,A,True,False
BGH83AWBGag104,BGH83,human,gag,Bormi,WB,2,298,104,1,,A,True,False
BGH83AWBGag106,BGH83,human,gag,Bormi,WB,2,298,106,1,,A,True,False
BGH98WBGag1,BGH98,human,gag,Bormi,WB,,287,1,0,,,False,True
BGH98WBGag2,BGH98,human,gag,Bormi,WB,,287,2,0,,,False,True
BGH98WBGag3,BGH98,human,gag,Bormi,WB,,287,3,0,,,False,True
BGH98WBGag4,BGH98,human,gag,Bormi,WB,,287,4,0,,,False,True
MBG1hsnWBGag101,MBG1,monkey,gag,Performing,WB,,264,101,1,hsn,,False,True
MBG1hsnWBGag102,MBG1,monkey,gag,Performing,WB,,264,102,1,hsn,,False,True
MBG1hsnWBGag103,MBG1,monkey,gag,Performing,WB,,264,103,1,hsn,,False,True
MBG100WBGag1,MBG100,monkey,gag,Charmaguria,WB,,299,1,0,,,False,True
MBG100WBGag2,MBG100,monkey,gag,Charmaguria,WB,,299,2,0,,,False,True
MBG100WBGag3,MBG100,monkey,gag,Charmaguria,WB,,299,3,0,,,False,True
MBG100WBGag4,MBG100,monkey,gag,Charmaguria,WB,,299,4,0,,,False,True
MBG100WBGag6,MBG100,monkey,gag,Charmaguria,WB,,299,6,0,,,False,True
MBG100WBGag7,MBG100,monkey,gag,Charmaguria,WB,,299,7,0,,,False,True
MBG101WBGag1,MBG101,monkey,gag,Charmaguria,WB,,299,1,0,,,False,True
MBG101WBGag3,MBG101,monkey,gag,Charmaguria,WB,,299,3,0,,,False,True
MBG101WBGag4,MBG101,monkey,gag,Charmaguria,WB,,299,4,0,,,False,True
MBG101WBGag5,MBG101,monkey,gag,Charmaguria,WB,,299,5,0,,,False,True
MBG101WBGag6,MBG101,monkey,gag,Charmaguria,WB,,299,6,0,,,False,True
MBG101WBGag7,MBG101,monkey,gag,Charmaguria,WB,,299,7,0,,,False,True
MBG102WBGag6,MBG102,monkey,gag,Narayanganj,WB,,303,6,0,,,False,True
MBG102WBGag103,MBG102,monkey,gag,Narayanganj,WB,,303,103,1,,,False,True
MBG102WBGag104,MBG102,monkey,gag,Narayanganj,WB,,303,104,1,,,False,True
MBG102WBGag201,MBG102,monkey,gag,Narayanganj,WB,,303,201,2,,,False,True
MBG102WBGag203,MBG102,monkey,gag,Narayanganj,WB,,303,203,2,,,False,True
MBG102WBGag204,MBG102,monkey,gag,Narayanganj,WB,,303,204,2,,,False,True
MBG103WBGag1,MBG103,monkey,gag,Narayanganj,WB,,303,1,0,,,False,True
MBG103WBGag2,MBG103,monkey,gag,Narayanganj,WB,,303,2,0,,,False,True
MBG103WBGag3,MBG103,monkey,gag,Narayanganj,WB,,303,3,0,,,False,True
MBG103WBGag6,MBG103,monkey,gag,Narayanganj,WB,,303,6,0,,,False,True
MBG103WBGag101,MBG103,monkey,gag,Narayanganj,WB,,303,101,1,,,False,True
MBG103WBGag102,MBG103,monkey,gag,Narayanganj,WB,,303,102,1,,,False,True
MBG103WBGag103,MBG103,monkey,gag,Narayanganj,WB,,303,103,1,,,False,True
MBG103WBGag104,MBG103,monkey,gag,Narayanganj,WB,,303,104,1,,,False,True
MBG104hsnWBGag101,MBG104,monkey,gag,Narayanganj,WB,,303,101,1,hsn,,False,True
MBG104hsnWBGag102,MBG104,monkey,gag,Narayanganj,WB,,303,102,1,hsn,,False,True
MBG104hsnWBGag103,MBG104,monkey,gag,Narayanganj,WB,,303,103,1,hsn,,False,True
MBG104hsnWBGag104,MBG104,monkey,gag,Narayanganj,WB,,303,104,1,hsn,,False,True
MBG104WBGag106,MBG104,monkey,gag,Narayanganj,WB,,303,106,1,,,False,True
MBG104WBGag107,MBG104,monkey,gag,Narayanganj,WB,,303,107,1,,,False,True
MBG104WBGag108,MBG104,monkey,gag,Narayanganj,WB,,303,108,1,,,False,True
MBG105WBGag1,MBG105,monkey,gag,Narayanganj,WB,1,303,1,0,,,True,True
MBG105WBGag2,MBG105,monkey,gag,Narayanganj,WB,1,303,2,0,,,True,True
MBG105WBGag101,MBG105,monkey,gag,Narayanganj,WB,1,303,101,1,,,True,True
MBG105WBGag103,MBG105,monkey,gag,Narayanganj,WB,1,303,103,1,,,True,True
MBG105WBGag104,MBG105,monkey,gag,Narayanganj,WB,1,303,104,1,,,True,True
MBG105WBGag105,MBG105,monkey,gag,Narayanganj,WB,1,303,105,1,,,True,True
MBG105WBGag3,MBG105,monkey,gag,Karamjal,WB,2,313,3,0,,,True,False
MBG107WBGag1,MBG107,monkey,gag,Narayanganj,WB,,303,1,0,,,False,True
MBG107WBGag2,MBG107,monkey,gag,Narayanganj,WB,,303,2,0,,,False,True
MBG107WBGag3,MBG107,monkey,gag,Narayanganj,WB,,303,3,0,,,False,True
MBG107WBGag101,MBG107,monkey,gag,Narayanganj,WB,,303,101,1,,,False,True
MBG107WBGag103,MBG107,monkey,gag,Narayanganj,WB,,303,103,1,,,False,True
MBG107WBGag105,MBG107,monkey,gag,Narayanganj,WB,,303,105,1,,,False,True
MBG108WBGag2,MBG108,monkey,gag,Narayanganj,WB,,303,2,0,,,False,True
MBG108WBGag3,MBG108,monkey,gag,Narayanganj,WB,,303,3,0,,,False,True
MBG108WBGag4,MBG108,monkey,gag,Narayanganj,WB,,303,4,0,,,False,True
MBG108WBGag101,MBG108,monkey,gag,Narayanganj,WB,,303,101,1,,,False,True
MBG108WBGag105,MBG108,monkey,gag,Narayanganj,WB,,303,105,1,,,False,True
MBG108WBGag106,MBG108,monkey,gag,Narayanganj,WB,,303,106,1,,,False,True
MBG108WBGag107,MBG108,monkey,gag,Narayanganj,WB,,303,107,1,,,False,True
MBG109WBGag1,MBG109,monkey,gag,Narayanganj,WB,,303,1,0,,,False,True
MBG109WBGag2,MBG109,monkey,gag,Narayanganj,WB,,303,2,0,,,False,True
MBG109WBGag4,MBG109,monkey,gag,Narayanganj,WB,,303,4,0,,,False,True
MBG109WBGag6,MBG109,monkey,gag,Narayanganj,WB,,303,6,0,,,False,True
MBG109WBGag8,MBG109,monkey,gag,Narayanganj,WB,,303,8,0,,,False,True
MBG109WBGag9,MBG109,monkey,gag,Narayanganj,WB,,303,9,0,,,False,True
MBG11WBGag2,MBG11,monkey,gag,Dhamrai,WB,,265,2,0,,,False,True
MBG11WBGag3,MBG11,monkey,gag,Dhamrai,WB,,265,3,0,,,False,True
MBG11WBGag4,MBG11,monkey,gag,Dhamrai,WB,,265,4,0,,,False,True
MBG11WBGag5,MBG11,monkey,gag,Dhamrai,WB,,265,5,0,,,False,True
MBG11WBGag6,MBG11,monkey,gag,Dhamrai,WB,,265,6,0,,,False,True
MBG11WBGag7,MBG11,monkey,gag,Dhamrai,WB,,265,7,0,,,False,True
MBG110WBGag1,MBG110,monkey,gag,Performing,WB,,303,1,0,,,False,True
MBG110WBGag2,MBG110,monkey,gag,Performing,WB,,303,2,0,,,False,True
MBG110WBGag3,MBG110,monkey,gag,Performing,WB,,303,3,0,,,False,True
MBG110WBGag101,MBG110,monkey,gag,Performing,WB,,303,101,1,,,False,True
MBG110WBGag102,MBG110,monkey,gag,Performing,WB,,303,102,1,,,False,True
MBG110WBGag103,MBG110,monkey,gag,Performing,WB,,303,103,1,,,False,True
MBG111WBGag1,MBG111,monkey,gag,Performing,WB,,303,1,0,,,False,True
MBG111WBGag2,MBG111,monkey,gag,Performing,WB,,303,2,0,,,False,True
MBG111WBGag3,MBG111,monkey,gag,Performing,WB,,303,3,0,,,False,True
MBG111WBGag101,MBG111,monkey,gag,Performing,WB,,303,101,1,,,False,True
MBG111WBGag103,MBG111,monkey,gag,Performing,WB,,303,103,1,,,False,True
MBG111WBGag104,MBG111,monkey,gag,Performing,WB,,303,104,1,,,False,True
MBG112WBGag1,MBG112,monkey,gag,Performing,WB,,303,1,0,,,False,True
MBG112WBGag2,MBG112,monkey,gag,Performing,WB,,303,2,0,,,False,True
MBG112WBGag4,MBG112,monkey,gag,Performing,WB,,303,4,0,,,False,True
MBG112WBGag101,MBG112,monkey,gag,Performing,WB,,303,101,1,,,False,True
MBG112WBGag102,MBG112,monkey,gag,Performing,WB,,303,102,1,,,False,True
MBG112WBGag201,MBG112,monkey,gag,Performing,WB,,303,201,2,,,False,True
MBG112WBGag204,MBG112,monkey,gag,Performing,WB,,303,204,2,,,False,True
MBG114WBGag5,MBG114,monkey,gag,Performing,WB,,303,5,0,,,False,True
MBG114WBGag10,MBG114,monkey,gag,Performing,WB,,303,10,0,,,False,True
MBG114WBGag103,MBG114,monkey,gag,Performing,WB,,303,103,1,,,False,True
MBG114WBGag105,MBG114,monkey,gag,Performing,WB,,303,105,1,,,False,True
MBG114WBGag113,MBG114,monkey,gag,Performing,WB,,303,113,1,,,False,True
MBG114WBGag202,MBG114,monkey,gag,Performing,WB,,303,202,2,,,False,True
MBG115WBGag1,MBG115,monkey,gag,Performing,WB,,303,1,0,,,False,True
MBG115WBGag104,MBG115,monkey,gag,Performing,WB,,303,104,1,,,False,True
MBG115WBGag106,MBG115,monkey,gag,Performing,WB,,303,106,1,,,False,True
MBG115WBGag108,MBG115,monkey,gag,Performing,WB,,303,108,1,,,False,True
MBG115WBGag109,MBG115,monkey,gag,Performing,WB,,303,109,1,,,False,True
MBG115WBGag110,MBG115,monkey,gag,Performing,WB,,303,110,1,,,False,True
MBG116WBGag5,MBG116,monkey,gag,Performing,WB,,303,5,0,,,False,True
MBG116WBGag102,MBG116,monkey,gag,Performing,WB,,303,102,1,,,False,True
MBG116WBGag104,MBG116,monkey,gag,Performing,WB,,303,104,1,,,False,True
MBG116WBGag203,MBG116,monkey,gag,Performing,WB,,303,203,2,,,False,True
MBG116WBGag205,MBG116,monkey,gag,Performing,WB,,303,205,2,,,False,True
MBG116WBGag206,MBG116,monkey,gag,Performing,WB,,303,206,2,,,False,True
MBG117WBGag1,MBG117,monkey,gag,Performing,WB,,303,1,0,,,False,True
MBG117WBGag2,MBG117,monkey,gag,Performing,WB,,303,2,0,,,False,True
MBG117WBGag3,MBG117,monkey,gag,Performing,WB,,303,3,0,,,False,True
MBG117WBGag101,MBG117,monkey,gag,Performing,WB,,303,101,1,,,False,True
MBG117hsWBGag201,MBG117,monkey,gag,Performing,WB,,303,201,2,hs,,False,True
MBG118WBGag2,MBG118,monkey,gag,Performing,WB,,303,2,0,,,False,True
MBG118WBGag4,MBG118,monkey,gag,Performing,WB,,303,4,0,,,False,True
MBG118WBGag101,MBG118,monkey,gag,Performing,WB,,303,101,1,,,False,True
MBG118WBGag102,MBG118,monkey,gag,Performing,WB,,303,102,1,,,False,True
MBG118WBGag302,MBG118,monkey,gag,Performing,WB,,303,302,3,,,False,True
MBG118WBGag303,MBG118,monkey,gag,Performing,WB,,303,303,3,,,False,True
MBG118WBGag304,MBG118,monkey,gag,Performing,WB,,303,304,3,,,False,True
MBG118WBGag306,MBG118,monkey,gag,Performing,WB,,303,306,3,,,False,True
MBG122WBGag1,MBG122,monkey,gag,Performing,WB,,303,1,0,,,False,True
MBG122WBGag2,MBG122,monkey,gag,Performing,WB,,303,2,0,,,False,True
MBG122WBGag106,MBG122,monkey,gag,Performing,WB,,303,106,1,,,False,True
MBG122WBGag201,MBG122,monkey,gag,Performing,WB,,303,201,2,,,False,True
MBG122WBGag202,MBG122,monkey,gag,Performing,WB,,303,202,2,,,False,True
MBG122WBGag203,MBG122,monkey,gag,Performing,WB,,303,203,2,,,False,True
MBG122WBGag204,MBG122,monkey,gag,Performing,WB,,303,204,2,,,False,True
MBG124WBGag3,MBG124,monkey,gag,Performing,WB,,303,3,0,,,False,True
MBG124WBGag101,MBG124,monkey,gag,Performing,WB,,303,101,1,,,False,True
MBG124WBGag201,MBG124,monkey,gag,Performing,WB,,303,201,2,,,False,True
MBG124WBGag302,MBG124,monkey,gag,Performing,WB,,303,302,3,,,False,True
MBG124WBGag303,MBG124,monkey,gag,Performing,WB,,303,303,3,,,False,True
MBG124WBGag304,MBG124,monkey,gag,Performing,WB,,303,304,3,,,False,True
MBG124WBGag305,MBG124,monkey,gag,Performing,WB,,303,305,3,,,False,True
MBG125WBGag1,MBG125,monkey,gag,Performing,WB,,312,1,0,,,False,True
MBG125WBGag2,MBG125,monkey,gag,Performing,WB,,312,2,0,,,False,True
MBG125WBGag3,MBG125,monkey,gag,Performing,WB,,312,3,0,,,False,True
MBG125hsnWBGag201,MBG125,monkey,gag,Performing,WB,,312,201,2,hsn,,False,True
MBG125hsnWBGag207,MBG125,monkey,gag,Performing,WB,,312,207,2,hsn,,False,True
MBG125hsnWBGag210,MBG125,monkey,gag,Performing,WB,,312,210,2,hsn,,False,True
MBG125hsnWBGag211,MBG125,monkey,gag,Performing,WB,,312,211,2,hsn,,False,True
MBG127hsnWBGag104,MBG127,monkey,gag,Performing,WB,,312,104,1,hsn,,False,True
MBG129WBGag1,MBG129,monkey,gag,Performing,WB,,312,1,0,,,False,True
MBG129WBGag2,MBG129,monkey,gag,Performing,WB,,312,2,0,,,False,True
MBG129WBGag3,MBG129,monkey,gag,Performing,WB,,312,3,0,,,False,True
MBG129hsnWBGag301,MBG129,monkey,gag,Performing,WB,,312,301,3,hsn,,False,True
MBG129hsnWBGag303,MBG129,monkey,gag,Performing,WB,,312,303,3,hsn,,False,True
MBG129hsnWBGag304,MBG129,monkey,gag,Performing,WB,,312,304,3,hsn,,False,True
MBG129hsnWBGag306,MBG129,monkey,gag,Performing,WB,,312,306,3,hsn,,False,True
MBG13WBGag1,MBG13,monkey,gag,Dhamrai,WB,,265,1,0,,,False,True
MBG13WBGag2,MBG13,monkey,gag,Dhamrai,WB,,265,2,0,,,False,True
MBG13WBGag3,MBG13,monkey,gag,Dhamrai,WB,,265,3,0,,,False,True
MBG13WBGag4,MBG13,monkey,gag,Dhamrai,WB,,265,4,0,,,False,True
MBG13WBGag5,MBG13,monkey,gag,Dhamrai,WB,,265,5,0,,,False,True
MBG13WBGag6,MBG13,monkey,gag,Dhamrai,WB,,265,6,0,,,False,True
MBG130WBGag1,MBG130,monkey,gag,Performing,WB,,312,1,0,,,False,True
MBG130WBGag3,MBG130,monkey,gag,Performing,WB,,312,3,0,,,False,True
MBG130WBGag4,MBG130,monkey,gag,Performing,WB,,312,4,0,,,False,True
MBG130hsWBGag202,MBG130,monkey,gag,Performing,WB,,312,202,2,hs,,False,True
MBG130hsWBGag206,MBG130,monkey,gag,Performing,WB,,312,206,2,hs,,False,True
MBG132WBGag1,MBG132,monkey,gag,Performing,WB,,312,1,0,,,False,True
MBG132WBGag2,MBG132,monkey,gag,Performing,WB,,312,2,0,,,False,True
MBG132WBGag3,MBG132,monkey,gag,Performing,WB,,312,3,0,,,False,True
MBG132WBGag102,MBG132,monkey,gag,Performing,WB,,312,102,1,,,False,True
MBG132WBGag104,MBG132,monkey,gag,Performing,WB,,312,104,1,,,False,True
MBG132hsWBGag201,MBG132,monkey,gag,Performing,WB,,312,201,2,hs,,False,True
MBG132hsWBGag304,MBG132,monkey,gag,Performing,WB,,312,304,3,hs,,False,True
MBG133WBGag1,MBG133,monkey,gag,Performing,WB,,312,1,0,,,False,True
MBG133WBGag2,MBG133,monkey,gag,Performing,WB,,312,2,0,,,False,True
MBG133WBGag4,MBG133,monkey,gag,Performing,WB,,312,4,0,,,False,True
MBG133hsnWBGag102,MBG133,monkey,gag,Performing,WB,,312,102,1,hsn,,False,True
MBG135WBGag1,MBG135,monkey,gag,Performing,WB,,313,1,0,,,False,True
MBG135WBGag2,MBG135,monkey,gag,Performing,WB,,313,2,0,,,False,True
MBG135WBGag3,MBG135,monkey,gag,Performing,WB,,313,3,0,,,False,True
MBG135nhsWBGag101,MBG135,monkey,gag,Performing,WB,,313,101,1,nhs,,False,True
MBG135nhsWBGag102,MBG135,monkey,gag,Performing,WB,,313,102,1,nhs,,False,True
MBG135nhsWBGag103,MBG135,monkey,gag,Performing,WB,,313,103,1,nhs,,False,True
MBG136WBGag1,MBG136,monkey,gag,Performing,WB,,313,1,0,,,False,True
MBG136WBGag2,MBG136,monkey,gag,Performing,WB,,313,2,0,,,False,True
MBG136WBGag3,MBG136,monkey,gag,Performing,WB,,313,3,0,,,False,True
MBG136WBGag4,MBG136,monkey,gag,Performing,WB,,313,4,0,,,False,True
MBG136hsnWBGag102,MBG136,monkey,gag,Performing,WB,,313,102,1,hsn,,False,True
MBG136hsnWBGag103,MBG136,monkey,gag,Performing,WB,,313,103,1,hsn,,False,True
MBG136hsnWBGag104,MBG136,monkey,gag,Performing,WB,,313,104,1,hsn,,False,True
MBG137hsWBGag1,MBG137,monkey,gag,Performing,WB,,313,1,0,hs,,False,True
MBG137hsWBGag4,MBG137,monkey,gag,Performing,WB,,313,4,0,hs,,False,True
MBG137hsnWBGag102,MBG137,monkey,gag,Performing,WB,,313,102,1,hsn,,False,True
MBG137hsnWBGag104,MBG137,monkey,gag,Performing,WB,,313,104,1,hsn,,False,True
MBG137hsnWBGag105,MBG137,monkey,gag,Performing,WB,,313,105,1,hsn,,False,True
MBG137hsnWBGag107,MBG137,monkey,gag,Performing,WB,,313,107,1,hsn,,False,True
MBG139WBGag1,MBG139,monkey,gag,Performing,WB,,313,1,0,,,False,True
MBG139WBGag2,MBG139,monkey,gag,Performing,WB,,313,2,0,,,False,True
MBG139WBGag3,MBG139,monkey,gag,Performing,WB,,313,3,0,,,False,True
MBG139hsnWBGag101,MBG139,monkey,gag,Performing,WB,,313,101,1,hsn,,False,True
MBG139WBGag102,MBG139,monkey,gag,Performing,WB,,313,102,1,,,False,True
MBG139hsnWBGag106,MBG139,monkey,gag,Performing,WB,,313,106,1,hsn,,False,True
MBG14WBGag1,MBG14,monkey,gag,Dhamrai,WB,,265,1,0,,,False,True
MBG14WBGag2,MBG14,monkey,gag,Dhamrai,WB,,265,2,0,,,False,True
MBG14WBGag3,MBG14,monkey,gag,Dhamrai,WB,,265,3,0,,,False,True
MBG14WBGag4,MBG14,monkey,gag,Dhamrai,WB,,265,4,0,,,False,True
MBG14WBGag5,MBG14,monkey,gag,Dhamrai,WB,,265,5,0,,,False,True
MBG14WBGag6,MBG14,monkey,gag,Dhamrai,WB,,265,6,0,,,False,True
MBG141WBGag1,MBG141,monkey,gag,Performing,WB,,313,1,0,,,False,True
MBG141WBGag2,MBG141,monkey,gag,Performing,WB,,313,2,0,,,False,True
MBG141WBGag3,MBG141,monkey,gag,Performing,WB,,313,3,0,,,False,True
MBG141hsnWBGag101,MBG141,monkey,gag,Performing,WB,,313,101,1,hsn,,False,True
MBG141hsnWBGag102,MBG141,monkey,gag,Performing,WB,,313,102,1,hsn,,False,True
MBG141hsnWBGag103,MBG141,monkey,gag,Performing,WB,,313,103,1,hsn,,False,True
MBG142WBGag1,MBG142,monkey,gag,Performing,WB,,313,1,0,,,False,True
MBG142WBGag2,MBG142,monkey,gag,Performing,WB,,313,2,0,,,False,True
MBG142WBGag101,MBG142,monkey,gag,Performing,WB,,313,101,1,,,False,True
MBG142WBGag102,MBG142,monkey,gag,Performing,WB,,313,102,1,,,False,True
MBG142WBGag104,MBG142,monkey,gag,Performing,WB,,313,104,1,,,False,True
MBG143WBGag1,MBG143,monkey,gag,Performing,WB,,313,1,0,,,False,True
MBG143WBGag2,MBG143,monkey,gag,Performing,WB,,313,2,0,,,False,True
MBG143WBGag3,MBG143,monkey,gag,Performing,WB,,313,3,0,,,False,True
MBG143WBGag101,MBG143,monkey,gag,Performing,WB,,313,101,1,,,False,True
MBG143WBGag104,MBG143,monkey,gag,Performing,WB,,313,104,1,,,False,True
MBG143hsnWBGag202,MBG143,monkey,gag,Performing,WB,,313,202,2,hsn,,False,True
MBG143hsnWBGag203,MBG143,monkey,gag,Performing,WB,,313,203,2,hsn,,False,True
MBG143hsnWBGag204,MBG143,monkey,gag,Performing,WB,,313,204,2,hsn,,False,True
MBG144WBGag1,MBG144,monkey,gag,Performing,WB,,313,1,0,,,False,True
MBG144WBGag2,MBG144,monkey,gag,Performing,WB,,313,2,0,,,False,True
MBG144WBGag3,MBG144,monkey,gag,Performing,WB,,313,3,0,,,False,True
MBG144hsnWBGag102,MBG144,monkey,gag,Performing,WB,,313,102,1,hsn,,False,True
MBG144hsnWBGag103,MBG144,monkey,gag,Performing,WB,,313,103,1,hsn,,False,True
MBG144hsnWBGag104,MBG144,monkey,gag,Performing,WB,,313,104,1,hsn,,False,True
MBG145WBGag2,MBG145,monkey,gag,Karamjal,WB,,313,2,0,,,False,True
MBG145WBGag3,MBG145,monkey,gag,Karamjal,WB,,313,3,0,,,False,True
MBG145WBGag102,MBG145,monkey,gag,Karamjal,WB,,313,102,1,,,False,True
MBG145hsnWBGag201,MBG145,monkey,gag,Karamjal,WB,,313,201,2,hsn,,False,True
MBG145hsnWBGag202,MBG145,monkey,gag,Karamjal,WB,,313,202,2,hsn,,False,True
MBG145hsnWBGag204,MBG145,monkey,gag,Karamjal,WB,,313,204,2,hsn,,False,True
MBG146WBGag1,MBG146,monkey,gag,Karamjal,WB,,313,1,0,,,False,True
MBG146WBGag2,MBG146,monkey,gag,Karamjal,WB,,313,2,0,,,False,True
MBG146WBGag3,MBG146,monkey,gag,Karamjal,WB,,313,3,0,,,False,True
MBG146hsnWBGag202,MBG146,monkey,gag,Karamjal,WB,,313,202,2,hsn,,False,True
MBG146hsnWBGag203,MBG146,monkey,gag,Karamjal,WB,,313,203,2,hsn,,False,True
MBG146hsnWBGag206,MBG146,monkey,gag,Karamjal,WB,,313,206,2,hsn,,False,True
MBG146hsnWBGag207,MBG146,monkey,gag,Karamjal,WB,,313,207,2,hsn,,False,True
MBG147hsnWBGag2,MBG147,monkey,gag,Karamjal,WB,,313,2,0,hsn,,False,True
MBG147hsnWBGag3,MBG147,monkey,gag,Karamjal,WB,,313,3,0,hsn,,False,True
MBG147WBGag101,MBG147,monkey,gag,Karamjal,WB,,313,101,1,,,False,True
MBG147WBGag104,MBG147,monkey,gag,Karamjal,WB,,313,104,1,,,False,True
MBG147WBGag105,MBG147,monkey,gag,Karamjal,WB,,313,105,1,,,False,True
MBG148hsnWBGag1,MBG148,monkey,gag,Karamjal,WB,,313,1,0,hsn,,False,True
MBG148hsnWBGag3,MBG148,monkey,gag,Karamjal,WB,,313,3,0,hsn,,False,True
MBG148hsnWBGag6,MBG148,monkey,gag,Karamjal,WB,,313,6,0,hsn,,False,True
MBG148hsnWBGag11,MBG148,monkey,gag,Karamjal,WB,,313,11,0,hsn,,False,True
MBG148hsWBGag103,MBG148,monkey,gag,Karamjal,WB,,313,103,1,hs,,False,True
MBG148hsWBGag105,MBG148,monkey,gag,Karamjal,WB,,313,105,1,hs,,False,True
MBG148WBGag201,MBG148,monkey,gag,Karamjal,WB,,313,201,2,,,False,True
MBG148WBGag301,MBG148,monkey,gag,Karamjal,WB,,313,301,3,,,False,True
MBG148WBGag303,MBG148,monkey,gag,Karamjal,WB,,313,303,3,,,False,True
MBG149hsnWBGag1,MBG149,monkey,gag,Karamjal,WB,,313,1,0,hsn,,False,True
MBG149hsnWBGag2,MBG149,monkey,gag,Karamjal,WB,,313,2,0,hsn,,False,True
MBG149hsWBGag103,MBG149,monkey,gag,Karamjal,WB,,313,103,1,hs,,False,True
MBG149hsWBGag104,MBG149,monkey,gag,Karamjal,WB,,313,104,1,hs,,False,True
MBG149WBGag401,MBG149,monkey,gag,Karamjal,WB,,313,401,4,,,False,True
MBG149WBGag402,MBG149,monkey,gag,Karamjal,WB,,313,402,4,,,False,True
MBG149WBGag403,MBG149,monkey,gag,Karamjal,WB,,313,403,4,,,False,True
MBG150hsnWBGag2,MBG150,monkey,gag,Karamjal,WB,,313,2,0,hsn,,False,True
MBG150hsnWBGag4,MBG150,monkey,gag,Karamjal,WB,,313,4,0,hsn,,False,True
MBG150hsnWBGag5,MBG150,monkey,gag,Karamjal,WB,,313,5,0,hsn,,False,True
MBG150hsnWBGag6,MBG150,monkey,gag,Karamjal,WB,,313,6,0,hsn,,False,True
MBG150hsnWBGag7,MBG150,monkey,gag,Karamjal,WB,,313,7,0,hsn,,False,True
MBG150hsnWBGag8,MBG150,monkey,gag,Karamjal,WB,,313,8,0,hsn,,False,True
MBG150WBGag102,MBG150,monkey,gag,Karamjal,WB,,313,102,1,,,False,True
MBG150WBGag103,MBG150,monkey,gag,Karamjal,WB,,313,103,1,,,False,True
MBG150WBGag105,MBG150,monkey,gag,Karamjal,WB,,313,105,1,,,False,True
MBG151hsnWBGag3,MBG151,monkey,gag,Karamjal,WB,,313,3,0,hsn,,False,True
MBG151hsnWBGag4,MBG151,monkey,gag,Karamjal,WB,,313,4,0,hsn,,False,True
MBG151hsnWBGag7,MBG151,monkey,gag,Karamjal,WB,,313,7,0,hsn,,False,True
MBG151hsWBGag103,MBG151,monkey,gag,Karamjal,WB,,313,103,1,hs,,False,True
MBG151hsWBGag104,MBG151,monkey,gag,Karamjal,WB,,313,104,1,hs,,False,True
MBG151hsWBGag106,MBG151,monkey,gag,Karamjal,WB,,313,106,1,hs,,False,True
MBG151WBGag201,MBG151,monkey,gag,Karamjal,WB,,313,201,2,,,False,True
MBG151WBGag205,MBG151,monkey,gag,Karamjal,WB,,313,205,2,,,False,True
MBG151WBGag206,MBG151,monkey,gag,Karamjal,WB,,313,206,2,,,False,True
MBG152hsnWBGag5,MBG152,monkey,gag,Karamjal,WB,,313,5,0,hsn,,False,True
MBG152hsWBGag105,MBG152,monkey,gag,Karamjal,WB,,313,105,1,hs,,False,True
MBG152hsWBGag106,MBG152,monkey,gag,Karamjal,WB,,313,106,1,hs,,False,True
MBG152WBGag202,MBG152,monkey,gag,Karamjal,WB,,313,202,2,,,False,True
MBG152WBGag206,MBG152,monkey,gag,Karamjal,WB,,313,206,2,,,False,True
MBG153hsnWBGag5,MBG153,monkey,gag,Karamjal,WB,,313,5,0,hsn,,False,True
MBG153hsnWBGag7,MBG153,monkey,gag,Karamjal,WB,,313,7,0,hsn,,False,True
MBG153hsnWBGag8,MBG153,monkey,gag,Karamjal,WB,,313,8,0,hsn,,False,True
MBG153WBGag101,MBG153,monkey,gag,Karamjal,WB,,313,101,1,,,False,True
MBG153WBGag103,MBG153,monkey,gag,Karamjal,WB,,313,103,1,,,False,True
MBG153WBGag104,MBG153,monkey,gag,Karamjal,WB,,313,104,1,,,False,True
MBG154hsnWBGag1,MBG154,monkey,gag,Karamjal,WB,,313,1,0,hsn,,False,True
MBG154hsnWBGag4,MBG154,monkey,gag,Karamjal,WB,,313,4,0,hsn,,False,True
MBG154hsnWBGag5,MBG154,monkey,gag,Karamjal,WB,,313,5,0,hsn,,False,True
MBG154hsnWBGag6,MBG154,monkey,gag,Karamjal,WB,,313,6,0,hsn,,False,True
MBG154hsnWBGag7,MBG154,monkey,gag,Karamjal,WB,,313,7,0,hsn,,False,True
MBG154WBGag101,MBG154,monkey,gag,Karamjal,WB,,313,101,1,,,False,True
MBG154WBGag102,MBG154,monkey,gag,Karamjal,WB,,313,102,1,,,False,True
MBG154WBGag105,MBG154,monkey,gag,Karamjal,WB,,313,105,1,,,False,True
MBG155hsnWBGag6,MBG155,monkey,gag,Karamjal,WB,,313,6,0,hsn,,False,True
MBG155hsnWBGag7,MBG155,monkey,gag,Karamjal,WB,,313,7,0,hsn,,False,True
MBG155hsnWBGag8,MBG155,monkey,gag,Karamjal,WB,,313,8,0,hsn,,False,True
MBG155WBGag103,MBG155,monkey,gag,Karamjal,WB,,313,103,1,,,False,True
MBG155WBGag105,MBG155,monkey,gag,Karamjal,WB,,313,105,1,,,False,True
MBG155WBGag106,MBG155,monkey,gag,Karamjal,WB,,313,106,1,,,False,True
MBG156hsnWBGag8,MBG156,monkey,gag,Karamjal,WB,,313,8,0,hsn,,False,True
MBG156hsnWBGag9,MBG156,monkey,gag,Karamjal,WB,,313,9,0,hsn,,False,True
MBG156WBGag101,MBG156,monkey,gag,Karamjal,WB,,313,101,1,,,False,True
MBG156WBGag102,MBG156,monkey,gag,Karamjal,WB,,313,102,1,,,False,True
MBG156WBGag104,MBG156,monkey,gag,Karamjal,WB,,313,104,1,,,False,True
MBG157WBGag1,MBG157,monkey,gag,Dokhola,WB,,313,1,0,,,False,True
MBG157WBGag2,MBG157,monkey,gag,Dokhola,WB,,313,2,0,,,False,True
MBG157WBGag3,MBG157,monkey,gag,Dokhola,WB,,313,3,0,,,False,True
MBG157hsnWBGag101,MBG157,monkey,gag,Dokhola,WB,,313,101,1,hsn,,False,True
MBG157hsnWBGag102,MBG157,monkey,gag,Dokhola,WB,,313,102,1,hsn,,False,True
MBG157hsnWBGag104,MBG157,monkey,gag,Dokhola,WB,,313,104,1,hsn,,False,True
MBG157WBGag201,MBG157,monkey,gag,Dokhola,WB,,313,201,2,,,False,True
MBG157WBGag202,MBG157,monkey,gag,Dokhola,WB,,313,202,2,,,False,True
MBG157WBGag203,MBG157,monkey,gag,Dokhola,WB,,313,203,2,,,False,True
MBG157WBGag204,MBG157,monkey,gag,Dokhola,WB,,313,204,2,,,False,True
MBG158hsnWBGag102,MBG158,monkey,gag,Dokhola,WB,,313,102,1,hsn,,False,True
MBG158hsnWBGag103,MBG158,monkey,gag,Dokhola,WB,,313,103,1,hsn,,False,True
MBG158hsnWBGag104,MBG158,monkey,gag,Dokhola,WB,,313,104,1,hsn,,False,True
MBG158WBGag108,MBG158,monkey,gag,Dokhola,WB,,313,108,1,,,False,True
MBG158WBGag201,MBG158,monkey,gag,Dokhola,WB,,313,201,2,,,False,True
MBG158WBGag202,MBG158,monkey,gag,Dokhola,WB,,313,202,2,,,False,True
MBG158WBGag203,MBG158,monkey,gag,Dokhola,WB,,313,203,2,,,False,True
MBG158WBGag204,MBG158,monkey,gag,Dokhola,WB,,313,204,2,,,False,True
MBG159hsnWBGag101,MBG159,monkey,gag,Dokhola,WB,,313,101,1,hsn,,False,True
MBG159hsnWBGag102,MBG159,monkey,gag,Dokhola,WB,,313,102,1,hsn,,False,True
MBG159hsnWBGag103,MBG159,monkey,gag,Dokhola,WB,,313,103,1,hsn,,False,True
MBG159hsnWBGag104,MBG159,monkey,gag,Dokhola,WB,,313,104,1,hsn,,False,True
MBG159hsnWBGag105,MBG159,monkey,gag,Dokhola,WB,,313,105,1,hsn,,False,True
MBG159hsnWBGag108,MBG159,monkey,gag,Dokhola,WB,,313,108,1,hsn,,False,True
MBG160WBGag5,MBG160,monkey,gag,Dokhola,WB,,313,5,0,,,False,True
MBG160hsnWBGag6,MBG160,monkey,gag,Dokhola,WB,,313,6,0,hsn,,False,True
MBG160hsnWBGag7,MBG160,monkey,gag,Dokhola,WB,,313,7,0,hsn,,False,True
MBG160hsnWBGag101,MBG160,monkey,gag,Dokhola,WB,,313,101,1,hsn,,False,True
MBG160hsnWBGag102,MBG160,monkey,gag,Dokhola,WB,,313,102,1,hsn,,False,True
MBG160hsnWBGag103,MBG160,monkey,gag,Dokhola,WB,,313,103,1,hsn,,False,True
MBG160WBGag201,MBG160,monkey,gag,Dokhola,WB,,313,201,2,,,False,True
MBG160WBGag202,MBG160,monkey,gag,Dokhola,WB,,313,202,2,,,False,True
MBG160WBGag203,MBG160,monkey,gag,Dokhola,WB,,313,203,2,,,False,True
MBG160WBGag204,MBG160,monkey,gag,Dokhola,WB,,313,204,2,,,False,True
MBG160WBGag205,MBG160,monkey,gag,Dokhola,WB,,313,205,2,,,False,True
MBG161WBGag1,MBG161,monkey,gag,Dokhola,WB,,313,1,0,,,False,True
MBG161WBGag2,MBG161,monkey,gag,Dokhola,WB,,313,2,0,,,False,True
MBG161WBGag3,MBG161,monkey,gag,Dokhola,WB,,313,3,0,,,False,True
MBG161WBGag4,MBG161,monkey,gag,Dokhola,WB,,313,4,0,,,False,True
MBG161hsnWBGag105,MBG161,monkey,gag,Dokhola,WB,,313,105,1,hsn,,False,True
MBG161hsnWBGag107,MBG161,monkey,gag,Dokhola,WB,,313,107,1,hsn,,False,True
MBG161WBGag201,MBG161,monkey,gag,Dokhola,WB,,313,201,2,,,False,True
MBG161WBGag202,MBG161,monkey,gag,Dokhola,WB,,313,202,2,,,False,True
MBG161WBGag203,MBG161,monkey,gag,Dokhola,WB,,313,203,2,,,False,True
MBG161WBGag204,MBG161,monkey,gag,Dokhola,WB,,313,204,2,,,False,True
MBG161WBGag205,MBG161,monkey,gag,Dokhola,WB,,313,205,2,,,False,True
MBG162WBGag3,MBG162,monkey,gag,Dokhola,WB,,313,3,0,,,False,True
MBG162WBGag5,MBG162,monkey,gag,Dokhola,WB,,313,5,0,,,False,True
MBG162hsnWBGag101,MBG162,monkey,gag,Dokhola,WB,,313,101,1,hsn,,False,True
MBG162hsnWBGag102,MBG162,monkey,gag,Dokhola,WB,,313,102,1,hsn,,False,True
MBG162hsnWBGag103,MBG162,monkey,gag,Dokhola,WB,,313,103,1,hsn,,False,True
MBG162hsnWBGag105,MBG162,monkey,gag,Dokhola,WB,,313,105,1,hsn,,False,True
MBG163hsnWBGag1,MBG163,monkey,gag,Dokhola,WB,,313,1,0,hsn,,False,True
MBG163hsnWBGag4,MBG163,monkey,gag,Dokhola,WB,,313,4,0,hsn,,False,True
MBG163hsnWBGag102,MBG163,monkey,gag,Dokhola,WB,,313,102,1,hsn,,False,True
MBG163hsnWBGag105,MBG163,monkey,gag,Dokhola,WB,,313,105,1,hsn,,False,True
MBG163hsnWBGag106,MBG163,monkey,gag,Dokhola,WB,,313,106,1,hsn,,False,True
MBG163WBGag201,MBG163,monkey,gag,Dokhola,WB,,313,201,2,,,False,True
MBG163WBGag202,MBG163,monkey,gag,Dokhola,WB,,313,202,2,,,False,True
MBG163WBGag203,MBG163,monkey,gag,Dokhola,WB,,313,203,2,,,False,True
MBG163WBGag204,MBG163,monkey,gag,Dokhola,WB,,313,204,2,,,False,True
MBG163WBGag205,MBG163,monkey,gag,Dokhola,WB,,313,205,2,,,False,True
MBG163WBGag206,MBG163,monkey,gag,Dokhola,WB,,313,206,2,,,False,True
MBG164hsnWBGag3,MBG164,monkey,gag,Dokhola,WB,,313,3,0,hsn,,False,True
MBG164hsnWBGag102,MBG164,monkey,gag,Dokhola,WB,,313,102,1,hsn,,False,True
MBG164hsnWBGag105,MBG164,monkey,gag,Dokhola,WB,,313,105,1,hsn,,False,True
MBG164WBGag201,MBG164,monkey,gag,Dokhola,WB,,313,201,2,,,False,True
MBG164WBGag202,MBG164,monkey,gag,Dokhola,WB,,313,202,2,,,False,True
MBG164WBGag203,MBG164,monkey,gag,Dokhola,WB,,313,203,2,,,False,True
MBG165hsnWBGag1,MBG165,monkey,gag,Dokhola,WB,,313,1,0,hsn,,False,True
MBG165hsnWBGag3,MBG165,monkey,gag,Dokhola,WB,,313,3,0,hsn,,False,True
MBG165hsnWBGag4,MBG165,monkey,gag,Dokhola,WB,,313,4,0,hsn,,False,True
MBG165hsnWBGag5,MBG165,monkey,gag,Dokhola,WB,,313,5,0,hsn,,False,True
MBG166hsnWBGag1,MBG166,monkey,gag,Dokhola,WB,,313,1,0,hsn,,False,True
MBG166hsnWBGag102,MBG166,monkey,gag,Dokhola,WB,,313,102,1,hsn,,False,True
MBG166hsnWBGag104,MBG166,monkey,gag,Dokhola,WB,,313,104,1,hsn,,False,True
MBG166hsnWBGag105,MBG166,monkey,gag,Dokhola,WB,,313,105,1,hsn,,False,True
MBG166WBGag201,MBG166,monkey,gag,Dokhola,WB,,313,201,2,,,False,True
MBG167hsnWBGag2,MBG167,monkey,gag,Dokhola,WB,,313,2,0,hsn,,False,True
MBG167hsnWBGag5,MBG167,monkey,gag,Dokhola,WB,,313,5,0,hsn,,False,True
MBG167hsnWBGag6,MBG167,monkey,gag,Dokhola,WB,,313,6,0,hsn,,False,True
MBG167WBGag201,MBG167,monkey,gag,Dokhola,WB,,313,201,2,,,False,True
MBG167WBGag202,MBG167,monkey,gag,Dokhola,WB,,313,202,2,,,False,True
MBG167WBGag203,MBG167,monkey,gag,Dokhola,WB,,313,203,2,,,False,True
MBG168hsnWBGag1,MBG168,monkey,gag,Dokhola,WB,,313,1,0,hsn,,False,True
MBG168hsnWBGag2,MBG168,monkey,gag,Dokhola,WB,,313,2,0,hsn,,False,True
MBG168hsnWBGag101,MBG168,monkey,gag,Dokhola,WB,,313,101,1,hsn,,False,True
MBG169hsnWBGag1,MBG169,monkey,gag,Dokhola,WB,,313,1,0,hsn,,False,True
MBG169hsnWBGag2,MBG169,monkey,gag,Dokhola,WB,,313,2,0,hsn,,False,True
MBG169hsnWBGag101,MBG169,monkey,gag,Dokhola,WB,,313,101,1,hsn,,False,True
MBG169hsnWBGag102,MBG169,monkey,gag,Dokhola,WB,,313,102,1,hsn,,False,True
MBG169hsnWBGag105,MBG169,monkey,gag,Dokhola,WB,,313,105,1,hsn,,False,True
MBG170hsnWBGag3,MBG170,monkey,gag,Dokhola,WB,,313,3,0,hsn,,False,True
MBG170hsnWBGag101,MBG170,monkey,gag,Dokhola,WB,,313,101,1,hsn,,False,True
MBG170hsnWBGag102,MBG170,monkey,gag,Dokhola,WB,,313,102,1,hsn,,False,True
MBG170hsnWBGag103,MBG170,monkey,gag,Dokhola,WB,,313,103,1,hsn,,False,True
MBG170hsnWBGag105,MBG170,monkey,gag,Dokhola,WB,,313,105,1,hsn,,False,True
MBG171hsnWBGag1,MBG171,monkey,gag,Dokhola,WB,,313,1,0,hsn,,False,True
MBG171hsnWBGag2,MBG171,monkey,gag,Dokhola,WB,,313,2,0,hsn,,False,True
MBG171hsnWBGag101,MBG171,monkey,gag,Dokhola,WB,,313,101,1,hsn,,False,True
MBG171hsnWBGag102,MBG171,monkey,gag,Dokhola,WB,,313,102,1,hsn,,False,True
MBG172hsnWBGag1,MBG172,monkey,gag,Dokhola,WB,,313,1,0,hsn,,False,True
MBG172hsnWBGag2,MBG172,monkey,gag,Dokhola,WB,,313,2,0,hsn,,False,True
MBG172hsnWBGag3,MBG172,monkey,gag,Dokhola,WB,,313,3,0,hsn,,False,True
MBG172hsnWBGag4,MBG172,monkey,gag,Dokhola,WB,,313,4,0,hsn,,False,True
MBG172WBGag101,MBG172,monkey,gag,Dokhola,WB,,313,101,1,,,False,True
MBG172WBGag102,MBG172,monkey,gag,Dokhola,WB,,313,102,1,,,False,True
MBG172WBGag103,MBG172,monkey,gag,Dokhola,WB,,313,103,1,,,False,True
MBG172WBGag104,MBG172,monkey,gag,Dokhola,WB,,313,104,1,,,False,True
MBG173hsnWBGag2,MBG173,monkey,gag,Dokhola,WB,,313,2,0,hsn,,False,True
MBG173hsnWBGag4,MBG173,monkey,gag,Dokhola,WB,,313,4,0,hsn,,False,True
MBG173hsnWBGag5,MBG173,monkey,gag,Dokhola,WB,,313,5,0,hsn,,False,True
MBG173hsnWBGag6,MBG173,monkey,gag,Dokhola,WB,,313,6,0,hsn,,False,True
MBG174hsnWBGag101,MBG174,monkey,gag,Dhamrai,WB,1,313,101,1,hsn,,True,True
MBG174hsnWBGag102,MBG174,monkey,gag,Dhamrai,WB,1,313,102,1,hsn,,True,True
MBG174hsnWBGag103,MBG174,monkey,gag,Dhamrai,WB,1,313,103,1,hsn,,True,True
MBG174WBGag104,MBG174,monkey,gag,Dhamrai,WB,1,313,104,1,,,True,True
MBG174WBGag105,MBG174,monkey,gag,Dhamrai,WB,1,313,105,1,,,True,True
MBG174WBGag107,MBG174,monkey,gag,Dhamrai,WB,1,313,107,1,,,True,True
MBG174WBGag108,MBG174,monkey,gag,Dhamrai,WB,1,313,108,1,,,True,True
MBG174WBGag109,MBG174,monkey,gag,Dhamrai,WB,1,313,109,1,,,True,True
MBG174WBGag110,MBG174,monkey,gag,Dhamrai,WB,1,313,110,1,,,True,True
MBG226WBGag1,MBG174,monkey,gag,Dhamrai,WB,2,328,1,0,,,True,False
MBG226WBGag2,MBG174,monkey,gag,Dhamrai,WB,2,328,2,0,,,True,False
MBG226WBGag3,MBG174,monkey,gag,Dhamrai,WB,2,328,3,0,,,True,False
MBG226WBGag4,MBG174,monkey,gag,Dhamrai,WB,2,328,4,0,,,True,False
MBG226WBGag5,MBG174,monkey,gag,Dhamrai,WB,2,328,5,0,,,True,False
MBG226WBGag6,MBG174,monkey,gag,Dhamrai,WB,2,328,6,0,,,True,False
MBG226WBGag7,MBG174,monkey,gag,Dhamrai,WB,2,328,7,0,,,True,False
MBG226WBGag8,MBG174,monkey,gag,Dhamrai,WB,2,328,8,0,,,True,False
MBG175WBGag8,MBG175,monkey,gag,Dhamrai,WB,,313,8,0,,,False,True
MBG175WBGag9,MBG175,monkey,gag,Dhamrai,WB,,313,9,0,,,False,True
MBG175WBGag10,MBG175,monkey,gag,Dhamrai,WB,,313,10,0,,,False,True
MBG175hsnWBGag101,MBG175,monkey,gag,Dhamrai,WB,,313,101,1,hsn,,False,True
MBG175hsnWBGag103,MBG175,monkey,gag,Dhamrai,WB,,313,103,1,hsn,,False,True
MBG175hsnWBGag104,MBG175,monkey,gag,Dhamrai,WB,,313,104,1,hsn,,False,True
MBG177hsnWBGag101,MBG177,monkey,gag,Dhamrai,WB,,313,101,1,hsn,,False,True
MBG177hsnWBGag103,MBG177,monkey,gag,Dhamrai,WB,,313,103,1,hsn,,False,True
MBG177hsnWBGag104,MBG177,monkey,gag,Dhamrai,WB,,313,104,1,hsn,,False,True
MBG180WBGag9,MBG180,monkey,gag,Dhamrai,WB,,313,9,0,,,False,True
MBG180WBGag10,MBG180,monkey,gag,Dhamrai,WB,,313,10,0,,,False,True
MBG180WBGag11,MBG180,monkey,gag,Dhamrai,WB,,313,11,0,,,False,True
MBG180WBGag12,MBG180,monkey,gag,Dhamrai,WB,,313,12,0,,,False,True
MBG180WBGag13,MBG180,monkey,gag,Dhamrai,WB,,313,13,0,,,False,True
MBG180WBGag14,MBG180,monkey,gag,Dhamrai,WB,,313,14,0,,,False,True
MBG181WBGag7,MBG181,monkey,gag,Dhamrai,WB,,313,7,0,,,False,True
MBG181WBGag8,MBG181,monkey,gag,Dhamrai,WB,,313,8,0,,,False,True
MBG181WBGag9,MBG181,monkey,gag,Dhamrai,WB,,313,9,0,,,False,True
MBG181hsnWBGag101,MBG181,monkey,gag,Dhamrai,WB,,313,101,1,hsn,,False,True
MBG181hsnWBGag102,MBG181,monkey,gag,Dhamrai,WB,,313,102,1,hsn,,False,True
MBG181hsnWBGag103,MBG181,monkey,gag,Dhamrai,WB,,313,103,1,hsn,,False,True
MBG182WBGag2,MBG182,monkey,gag,Dhamrai,WB,,313,2,0,,,False,True
MBG182WBGag10,MBG182,monkey,gag,Dhamrai,WB,,313,10,0,,,False,True
MBG182WBGag11,MBG182,monkey,gag,Dhamrai,WB,,313,11,0,,,False,True
MBG182WBGag12,MBG182,monkey,gag,Dhamrai,WB,,313,12,0,,,False,True
MBG182hsnWBGag101,MBG182,monkey,gag,Dhamrai,WB,,313,101,1,hsn,,False,True
MBG182hsnWBGag102,MBG182,monkey,gag,Dhamrai,WB,,313,102,1,hsn,,False,True
MBG182hsnWBGag105,MBG182,monkey,gag,Dhamrai,WB,,313,105,1,hsn,,False,True
MBG183WBGag9,MBG183,monkey,gag,Dhamrai,WB,,313,9,0,,,False,True
MBG183WBGag10,MBG183,monkey,gag,Dhamrai,WB,,313,10,0,,,False,True
MBG183WBGag11,MBG183,monkey,gag,Dhamrai,WB,,313,11,0,,,False,True
MBG183hsnWBGag101,MBG183,monkey,gag,Dhamrai,WB,,313,101,1,hsn,,False,True
MBG183hsnWBGag102,MBG183,monkey,gag,Dhamrai,WB,,313,102,1,hsn,,False,True
MBG183hsnWBGag104,MBG183,monkey,gag,Dhamrai,WB,,313,104,1,hsn,,False,True
MBG184hsnWBGag101,MBG184,monkey,gag,Dhamrai,WB,,313,101,1,hsn,,False,True
MBG184hsnWBGag102,MBG184,monkey,gag,Dhamrai,WB,,313,102,1,hsn,,False,True
MBG184hsnWBGag103,MBG184,monkey,gag,Dhamrai,WB,,313,103,1,hsn,,False,True
MBG184WBGag104,MBG184,monkey,gag,Dhamrai,WB,,313,104,1,,,False,True
MBG184WBGag105,MBG184,monkey,gag,Dhamrai,WB,,313,105,1,,,False,True
MBG184WBGag106,MBG184,monkey,gag,Dhamrai,WB,,313,106,1,,,False,True
MBG185WBGag7,MBG185,monkey,gag,Dhamrai,WB,,313,7,0,,,False,True
MBG185WBGag8,MBG185,monkey,gag,Dhamrai,WB,,313,8,0,,,False,True
MBG185WBGag9,MBG185,monkey,gag,Dhamrai,WB,,313,9,0,,,False,True
MBG185hsnWBGag102,MBG185,monkey,gag,Dhamrai,WB,,313,102,1,hsn,,False,True
MBG185hsnWBGag103,MBG185,monkey,gag,Dhamrai,WB,,313,103,1,hsn,,False,True
MBG185hsnWBGag104,MBG185,monkey,gag,Dhamrai,WB,,313,104,1,hsn,,False,True
MBG186WBGag101,MBG186,monkey,gag,Dhamrai,WB,,313,101,1,,,False,True
MBG186WBGag102,MBG186,monkey,gag,Dhamrai,WB,,313,102,1,,,False,True
MBG186WBGag105,MBG186,monkey,gag,Dhamrai,WB,,313,105,1,,,False,True
MBG186WBGag106,MBG186,monkey,gag,Dhamrai,WB,,313,106,1,,,False,True
MBG186WBGag107,MBG186,monkey,gag,Dhamrai,WB,,313,107,1,,,False,True
MBG186WBGag108,MBG186,monkey,gag,Dhamrai,WB,,313,108,1,,,False,True
MBG187WBGag1,MBG187,monkey,gag,Dhamrai,WB,,313,1,0,,,False,True
MBG187WBGag2,MBG187,monkey,gag,Dhamrai,WB,,313,2,0,,,False,True
MBG187WBGag6,MBG187,monkey,gag,Dhamrai,WB,,313,6,0,,,False,True
MBG187hsnWBGag101,MBG187,monkey,gag,Dhamrai,WB,,313,101,1,hsn,,False,True
MBG187hsnWBGag102,MBG187,monkey,gag,Dhamrai,WB,,313,102,1,hsn,,False,True
MBG187hsnWBGag103,MBG187,monkey,gag,Dhamrai,WB,,313,103,1,hsn,,False,True
MBG188WBGag2,MBG188,monkey,gag,Dhamrai,WB,,313,2,0,,,False,True
MBG188WBGag3,MBG188,monkey,gag,Dhamrai,WB,,313,3,0,,,False,True
MBG188WBGag4,MBG188,monkey,gag,Dhamrai,WB,,313,4,0,,,False,True
MBG188hsnWBGag101,MBG188,monkey,gag,Dhamrai,WB,,313,101,1,hsn,,False,True
MBG188hsnWBGag102,MBG188,monkey,gag,Dhamrai,WB,,313,102,1,hsn,,False,True
MBG188WBGag103,MBG188,monkey,gag,Dhamrai,WB,,313,103,1,,,False,True
MBG189hsnWBGag102,MBG189,monkey,gag,Narayanganj,WB,,313,102,1,hsn,,False,True
MBG189hsnWBGag103,MBG189,monkey,gag,Narayanganj,WB,,313,103,1,hsn,,False,True
MBG189hsnWBGag104,MBG189,monkey,gag,Narayanganj,WB,,313,104,1,hsn,,False,True
MBG189hsnWBGag105,MBG189,monkey,gag,Narayanganj,WB,,313,105,1,hsn,,False,True
MBG190hsnWBGag1,MBG190,monkey,gag,Narayanganj,WB,,313,1,0,hsn,,False,True
MBG190hsnWBGag2,MBG190,monkey,gag,Narayanganj,WB,,313,2,0,hsn,,False,True
MBG190hsnWBGag3,MBG190,monkey,gag,Narayanganj,WB,,313,3,0,hsn,,False,True
MBG190hsnWBGag101,MBG190,monkey,gag,Narayanganj,WB,,313,101,1,hsn,,False,True
MBG190hsnWBGag102,MBG190,monkey,gag,Narayanganj,WB,,313,102,1,hsn,,False,True
MBG190hsnWBGag103,MBG190,monkey,gag,Narayanganj,WB,,313,103,1,hsn,,False,True
MBG191hsnWBGag1,MBG191,monkey,gag,Narayanganj,WB,,313,1,0,hsn,,False,True
MBG191hsnWBGag2,MBG191,monkey,gag,Narayanganj,WB,,313,2,0,hsn,,False,True
MBG191hsnWBGag4,MBG191,monkey,gag,Narayanganj,WB,,313,4,0,hsn,,False,True
MBG191hsnWBGag5,MBG191,monkey,gag,Narayanganj,WB,,313,5,0,hsn,,False,True
MBG191WBGag6,MBG191,monkey,gag,Narayanganj,WB,,313,6,0,,,False,True
MBG191WBGag7,MBG191,monkey,gag,Narayanganj,WB,,313,7,0,,,False,True
MBG191WBGag8,MBG191,monkey,gag,Narayanganj,WB,,313,8,0,,,False,True
MBG192hsnWBGag1,MBG192,monkey,gag,Narayanganj,WB,,313,1,0,hsn,,False,True
MBG192hsnWBGag2,MBG192,monkey,gag,Narayanganj,WB,,313,2,0,hsn,,False,True
MBG192hsnWBGag3,MBG192,monkey,gag,Narayanganj,WB,,313,3,0,hsn,,False,True
MBG192hsnWBGag6,MBG192,monkey,gag,Narayanganj,WB,,313,6,0,hsn,,False,True
MBG192WBGag7,MBG192,monkey,gag,Narayanganj,WB,,313,7,0,,,False,True
MBG192WBGag8,MBG192,monkey,gag,Narayanganj,WB,,313,8,0,,,False,True
MBG192WBGag9,MBG192,monkey,gag,Narayanganj,WB,,313,9,0,,,False,True
MBG193hsnWBGag1,MBG193,monkey,gag,Narayanganj,WB,,313,1,0,hsn,,False,True
MBG193hsnWBGag2,MBG193,monkey,gag,Narayanganj,WB,,313,2,0,hsn,,False,True
MBG193hsnWBGag3,MBG193,monkey,gag,Narayanganj,WB,,313,3,0,hsn,,False,True
MBG193hsnWBGag4,MBG193,monkey,gag,Narayanganj,WB,,313,4,0,hsn,,False,True
MBG193WBGag5,MBG193,monkey,gag,Narayanganj,WB,,313,5,0,,,False,True
MBG193WBGag6,MBG193,monkey,gag,Narayanganj,WB,,313,6,0,,,False,True
MBG193WBGag7,MBG193,monkey,gag,Narayanganj,WB,,313,7,0,,,False,True
MBG194hsnWBGag1,MBG194,monkey,gag,Narayanganj,WB,,313,1,0,hsn,,False,True
MBG194hsnWBGag2,MBG194,monkey,gag,Narayanganj,WB,,313,2,0,hsn,,False,True
MBG194hsnWBGag6,MBG194,monkey,gag,Narayanganj,WB,,313,6,0,hsn,,False,True
MBG194WBGag7,MBG194,monkey,gag,Narayanganj,WB,,313,7,0,,,False,True
MBG194WBGag8,MBG194,monkey,gag,Narayanganj,WB,,313,8,0,,,False,True
MBG194WBGag9,MBG194,monkey,gag,Narayanganj,WB,,313,9,0,,,False,True
MBG194WBGag10,MBG194,monkey,gag,Narayanganj,WB,,313,10,0,,,False,True
MBG195hsnWBGag1,MBG195,monkey,gag,Narayanganj,WB,1,313,1,0,hsn,,True,True
MBG195hsnWBGag2,MBG195,monkey,gag,Narayanganj,WB,1,313,2,0,hsn,,True,True
MBG195hsnWBGag3,MBG195,monkey,gag,Narayanganj,WB,1,313,3,0,hsn,,True,True
MBG195hsnWBGag5,MBG195,monkey,gag,Narayanganj,WB,1,313,5,0,hsn,,True,True
MBG195WBGag6,MBG195,monkey,gag,Narayanganj,WB,1,313,6,0,,,True,True
MBG195WBGag7,MBG195,monkey,gag,Narayanganj,WB,1,313,7,0,,,True,True
MBG195WBGag8,MBG195,monkey,gag,Narayanganj,WB,1,313,8,0,,,True,True
MBG271WBGag1,MBG195,monkey,gag,Narayanganj,WB,2,328,1,0,,,True,False
MBG271WBGag2,MBG195,monkey,gag,Narayanganj,WB,2,328,2,0,,,True,False
MBG271WBGag3,MBG195,monkey,gag,Narayanganj,WB,2,328,3,0,,,True,False
MBG271WBGag4,MBG195,monkey,gag,Narayanganj,WB,2,328,4,0,,,True,False
MBG271WBGag5,MBG195,monkey,gag,Narayanganj,WB,2,328,5,0,,,True,False
MBG271WBGag8,MBG195,monkey,gag,Narayanganj,WB,2,328,8,0,,,True,False
MBG196hsnWBGag1,MBG196,monkey,gag,Narayanganj,WB,,313,1,0,hsn,,False,True
MBG196hsnWBGag2,MBG196,monkey,gag,Narayanganj,WB,,313,2,0,hsn,,False,True
MBG196hsnWBGag3,MBG196,monkey,gag,Narayanganj,WB,,313,3,0,hsn,,False,True
MBG196hsnWBGag4,MBG196,monkey,gag,Narayanganj,WB,,313,4,0,hsn,,False,True
MBG196WBGag5,MBG196,monkey,gag,Narayanganj,WB,,313,5,0,,,False,True
MBG196WBGag6,MBG196,monkey,gag,Narayanganj,WB,,313,6,0,,,False,True
MBG197hsnWBGag3,MBG197,monkey,gag,Narayanganj,WB,,313,3,0,hsn,,False,True
MBG197hsnWBGag4,MBG197,monkey,gag,Narayanganj,WB,,313,4,0,hsn,,False,True
MBG197WBGag5,MBG197,monkey,gag,Narayanganj,WB,,313,5,0,,,False,True
MBG197WBGag6,MBG197,monkey,gag,Narayanganj,WB,,313,6,0,,,False,True
MBG197WBGag7,MBG197,monkey,gag,Narayanganj,WB,,313,7,0,,,False,True
MBG197WBGag8,MBG197,monkey,gag,Narayanganj,WB,,313,8,0,,,False,True
MBG198hsnWBGag1,MBG198,monkey,gag,Narayanganj,WB,,313,1,0,hsn,,False,True
MBG198hsnWBGag3,MBG198,monkey,gag,Narayanganj,WB,,313,3,0,hsn,,False,True
MBG198hsnWBGag4,MBG198,monkey,gag,Narayanganj,WB,,313,4,0,hsn,,False,True
MBG198WBGag5,MBG198,monkey,gag,Narayanganj,WB,,313,5,0,,,False,True
MBG198WBGag6,MBG198,monkey,gag,Narayanganj,WB,,313,6,0,,,False,True
MBG198WBGag7,MBG198,monkey,gag,Narayanganj,WB,,313,7,0,,,False,True
MBG199hsnWBGag1,MBG199,monkey,gag,Narayanganj,WB,,313,1,0,hsn,,False,True
MBG199hsnWBGag7,MBG199,monkey,gag,Narayanganj,WB,,313,7,0,hsn,,False,True
MBG199hsnWBGag8,MBG199,monkey,gag,Narayanganj,WB,,313,8,0,hsn,,False,True
MBG200WBGag1,MBG200,monkey,gag,Bormi,WB,,313,1,0,,,False,True
MBG200hsnWBGag2,MBG200,monkey,gag,Bormi,WB,,313,2,0,hsn,,False,True
MBG200hsnWBGag4,MBG200,monkey,gag,Bormi,WB,,313,4,0,hsn,,False,True
MBG200hsnWBGag5,MBG200,monkey,gag,Bormi,WB,,313,5,0,hsn,,False,True
MBG200WBGag6,MBG200,monkey,gag,Bormi,WB,,313,6,0,,,False,True
MBG200WBGag7,MBG200,monkey,gag,Bormi,WB,,313,7,0,,,False,True
MBG200WBGag8,MBG200,monkey,gag,Bormi,WB,,313,8,0,,,False,True
MBG200WBGag9,MBG200,monkey,gag,Bormi,WB,,313,9,0,,,False,True
MBG200WBGag10,MBG200,monkey,gag,Bormi,WB,,313,10,0,,,False,True
MBG200WBGag11,MBG200,monkey,gag,Bormi,WB,,313,11,0,,,False,True
MBG200WBGag12,MBG200,monkey,gag,Bormi,WB,,313,12,0,,,False,True
MBG201WBGag1,MBG201,monkey,gag,Bormi,WB,,313,1,0,,,False,True
MBG201hsnWBGag2,MBG201,monkey,gag,Bormi,WB,,313,2,0,hsn,,False,True
MBG201hsnWBGag3,MBG201,monkey,gag,Bormi,WB,,313,3,0,hsn,,False,True
MBG201hsnWBGag5,MBG201,monkey,gag,Bormi,WB,,313,5,0,hsn,,False,True
MBG201hsnWBGag6,MBG201,monkey,gag,Bormi,WB,,313,6,0,hsn,,False,True
MBG201hsnWBGag7,MBG201,monkey,gag,Bormi,WB,,313,7,0,hsn,,False,True
MBG201hsnWBGag9,MBG201,monkey,gag,Bormi,WB,,313,9,0,hsn,,False,True
MBG202hsnWBGag1,MBG202,monkey,gag,Bormi,WB,,313,1,0,hsn,,False,True
MBG202hsnWBGag3,MBG202,monkey,gag,Bormi,WB,,313,3,0,hsn,,False,True
MBG202hsnWBGag5,MBG202,monkey,gag,Bormi,WB,,313,5,0,hsn,,False,True
MBG202WBGag6,MBG202,monkey,gag,Bormi,WB,,313,6,0,,,False,True
MBG202WBGag7,MBG202,monkey,gag,Bormi,WB,,313,7,0,,,False,True
MBG202WBGag8,MBG202,monkey,gag,Bormi,WB,,313,8,0,,,False,True
MBG203hsnWBGag3,MBG203,monkey,gag,Bormi,WB,,313,3,0,hsn,,False,True
MBG203hsnWBGag4,MBG203,monkey,gag,Bormi,WB,,313,4,0,hsn,,False,True
MBG203WBGag101,MBG203,monkey,gag,Bormi,WB,,313,101,1,,,False,True
MBG203WBGag102,MBG203,monkey,gag,Bormi,WB,,313,102,1,,,False,True
MBG203WBGag103,MBG203,monkey,gag,Bormi,WB,,313,103,1,,,False,True
MBG203WBGag104,MBG203,monkey,gag,Bormi,WB,,313,104,1,,,False,True
MBG204hsnWBGag1,MBG204,monkey,gag,Bormi,WB,,313,1,0,hsn,,False,True
MBG204hsnWBGag2,MBG204,monkey,gag,Bormi,WB,,313,2,0,hsn,,False,True
MBG204hsnWBGag3,MBG204,monkey,gag,Bormi,WB,,313,3,0,hsn,,False,True
MBG204hsnWBGag4,MBG204,monkey,gag,Bormi,WB,,313,4,0,hsn,,False,True
MBG204WBGag5,MBG204,monkey,gag,Bormi,WB,,313,5,0,,,False,True
MBG204WBGag6,MBG204,monkey,gag,Bormi,WB,,313,6,0,,,False,True
MBG205hsnWBGag1,MBG205,monkey,gag,Bormi,WB,,313,1,0,hsn,,False,True
MBG205hsnGag2,MBG205,monkey,gag,Bormi,WB,,313,2,0,hsn,,False,True
MBG205hsnWBGag3,MBG205,monkey,gag,Bormi,WB,,313,3,0,hsn,,False,True
MBG205WBGag4,MBG205,monkey,gag,Bormi,WB,,313,4,0,,,False,True
MBG205WBGag5,MBG205,monkey,gag,Bormi,WB,,313,5,0,,,False,True
MBG205WBGag6,MBG205,monkey,gag,Bormi,WB,,313,6,0,,,False,True
MBG205WBGag7,MBG205,monkey,gag,Bormi,WB,,313,7,0,,,False,True
MBG206hsnWBGag1,MBG206,monkey,gag,Bormi,WB,,313,1,0,hsn,,False,True
MBG206hsnWBGag2,MBG206,monkey,gag,Bormi,WB,,313,2,0,hsn,,False,True
MBG206hsnWBGag3,MBG206,monkey,gag,Bormi,WB,,313,3,0,hsn,,False,True
MBG206WBGag4,MBG206,monkey,gag,Bormi,WB,,313,4,0,,,False,True
MBG206WBGag5,MBG206,monkey,gag,Bormi,WB,,313,5,0,,,False,True
MBG206WBGag6,MBG206,monkey,gag,Bormi,WB,,313,6,0,,,False,True
MBG206WBGag7,MBG206,monkey,gag,Bormi,WB,,313,7,0,,,False,True
MBG206WBGag8,MBG206,monkey,gag,Bormi,WB,,313,8,0,,,False,True
MBG207hsnWBGag1,MBG207,monkey,gag,Bormi,WB,,313,1,0,hsn,,False,True
MBG207hsnWBGag3,MBG207,monkey,gag,Bormi,WB,,313,3,0,hsn,,False,True
MBG207hsnWBGag4,MBG207,monkey,gag,Bormi,WB,,313,4,0,hsn,,False,True
MBG207hsnWBGag5,MBG207,monkey,gag,Bormi,WB,,313,5,0,hsn,,False,True
MBG208hsnWBGag1,MBG208,monkey,gag,Bormi,WB,,313,1,0,hsn,,False,True
MBG208hsnWBGag2,MBG208,monkey,gag,Bormi,WB,,313,2,0,hsn,,False,True
MBG208hsnWBGag3,MBG208,monkey,gag,Bormi,WB,,313,3,0,hsn,,False,True
MBG208hsnWBGag4,MBG208,monkey,gag,Bormi,WB,,313,4,0,hsn,,False,True
MBG208WBGag5,MBG208,monkey,gag,Bormi,WB,,313,5,0,,,False,True
MBG208WBGag6,MBG208,monkey,gag,Bormi,WB,,313,6,0,,,False,True
MBG209hsnWBGag1,MBG209,monkey,gag,Bormi,WB,,313,1,0,hsn,,False,True
MBG209hsnWBGag2,MBG209,monkey,gag,Bormi,WB,,313,2,0,hsn,,False,True
MBG209hsnWBGag3,MBG209,monkey,gag,Bormi,WB,,313,3,0,hsn,,False,True
MBG209WBGag4,MBG209,monkey,gag,Bormi,WB,,313,4,0,,,False,True
MBG209WBGag5,MBG209,monkey,gag,Bormi,WB,,313,5,0,,,False,True
MBG209WBGag6,MBG209,monkey,gag,Bormi,WB,,313,6,0,,,False,True
MBG209WBGag7,MBG209,monkey,gag,Bormi,WB,,313,7,0,,,False,True
MBG210hsnWBGag1,MBG210,monkey,gag,Bormi,WB,,313,1,0,hsn,,False,True
MBG210hsnWBGag2,MBG210,monkey,gag,Bormi,WB,,313,2,0,hsn,,False,True
MBG210WBGag3,MBG210,monkey,gag,Bormi,WB,,313,3,0,,,False,True
MBG210hsnWBGag4,MBG210,monkey,gag,Bormi,WB,,313,4,0,hsn,,False,True
MBG210WBGag5,MBG210,monkey,gag,Bormi,WB,,313,5,0,,,False,True
MBG210WBGag6,MBG210,monkey,gag,Bormi,WB,,313,6,0,,,False,True
MBG212WBGag1,MBG212,monkey,gag,Bormi,WB,,313,1,0,,,False,True
MBG212WBGag2,MBG212,monkey,gag,Bormi,WB,,313,2,0,,,False,True
MBG212WBGag3,MBG212,monkey,gag,Bormi,WB,,313,3,0,,,False,True
MBG212WBGag4,MBG212,monkey,gag,Bormi,WB,,313,4,0,,,False,True
MBG212WBGag5,MBG212,monkey,gag,Bormi,WB,,313,5,0,,,False,True
MBG214hsnWBGag1,MBG214,monkey,gag,Bormi,WB,,313,1,0,hsn,,False,True
MBG214hsnWBGag2,MBG214,monkey,gag,Bormi,WB,,313,2,0,hsn,,False,True
MBG214hsnWBGag4,MBG214,monkey,gag,Bormi,WB,,313,4,0,hsn,,False,True
MBG214WBGag5,MBG214,monkey,gag,Bormi,WB,,313,5,0,,,False,True
MBG214WBGag6,MBG214,monkey,gag,Bormi,WB,,313,6,0,,,False,True
MBG214WBGag7,MBG214,monkey,gag,Bormi,WB,,313,7,0,,,False,True
MBG214WBGag8,MBG214,monkey,gag,Bormi,WB,,313,8,0,,,False,True
MBG228WBGag1,MBG228,monkey,gag,Dhamrai,WB,,328,1,0,,,False,True
MBG228WBGag2,MBG228,monkey,gag,Dhamrai,WB,,328,2,0,,,False,True
MBG228WBGag3,MBG228,monkey,gag,Dhamrai,WB,,328,3,0,,,False,True
MBG228WBGag4,MBG228,monkey,gag,Dhamrai,WB,,328,4,0,,,False,True
MBG228WBGag5,MBG228,monkey,gag,Dhamrai,WB,,328,5,0,,,False,True
MBG228WBGag6,MBG228,monkey,gag,Dhamrai,WB,,328,6,0,,,False,True
MBG229WBGag2,MBG229,monkey,gag,Dhamrai,WB,,328,2,0,,,False,True
MBG229WBGag3,MBG229,monkey,gag,Dhamrai,WB,,328,3,0,,,False,True
MBG229WBGag4,MBG229,monkey,gag,Dhamrai,WB,,328,4,0,,,False,True
MBG229WBGag5,MBG229,monkey,gag,Dhamrai,WB,,328,5,0,,,False,True
MBG229WBGag6,MBG229,monkey,gag,Dhamrai,WB,,328,6,0,,,False,True
MBG230WBGag1,MBG230,monkey,gag,Dhamrai,WB,,328,1,0,,,False,True
MBG230WBGag2,MBG230,monkey,gag,Dhamrai,WB,,328,2,0,,,False,True
MBG230WBGag3,MBG230,monkey,gag,Dhamrai,WB,,328,3,0,,,False,True
MBG230WBGag4,MBG230,monkey,gag,Dhamrai,WB,,328,4,0,,,False,True
MBG230WBGag5,MBG230,monkey,gag,Dhamrai,WB,,328,5,0,,,False,True
MBG230WBGag6,MBG230,monkey,gag,Dhamrai,WB,,328,6,0,,,False,True
MBG231WBGag1,MBG231,monkey,gag,Dhamrai,WB,,328,1,0,,,False,True
MBG231WBGag2,MBG231,monkey,gag,Dhamrai,WB,,328,2,0,,,False,True
MBG231WBGag3,MBG231,monkey,gag,Dhamrai,WB,,328,3,0,,,False,True
MBG231WBGag4,MBG231,monkey,gag,Dhamrai,WB,,328,4,0,,,False,True
MBG231WBGag5,MBG231,monkey,gag,Dhamrai,WB,,328,5,0,,,False,True
MBG231WBGag6,MBG231,monkey,gag,Dhamrai,WB,,328,6,0,,,False,True
MBG232WBGag1,MBG232,monkey,gag,Dhamrai,WB,,328,1,0,,,False,True
MBG232WBGag2,MBG232,monkey,gag,Dhamrai,WB,,328,2,0,,,False,True
MBG232WBGag4,MBG232,monkey,gag,Dhamrai,WB,,328,4,0,,,False,True
MBG232WBGag5,MBG232,monkey,gag,Dhamrai,WB,,328,5,0,,,False,True
MBG233WBGag1,MBG233,monkey,gag,Dhamrai,WB,,328,1,0,,,False,True
MBG233WBGag2,MBG233,monkey,gag,Dhamrai,WB,,328,2,0,,,False,True
MBG233WBGag3,MBG233,monkey,gag,Dhamrai,WB,,328,3,0,,,False,True
MBG233WBGag4,MBG233,monkey,gag,Dhamrai,WB,,328,4,0,,,False,True
MBG233WBGag5,MBG233,monkey,gag,Dhamrai,WB,,328,5,0,,,False,True
MBG233WBGag6,MBG233,monkey,gag,Dhamrai,WB,,328,6,0,,,False,True
MBG236WBGag1,MBG236,monkey,gag,Bormi,WB,,328,1,0,,,False,True
MBG236WBGag2,MBG236,monkey,gag,Bormi,WB,,328,2,0,,,False,True
MBG236WBGag4,MBG236,monkey,gag,Bormi,WB,,328,4,0,,,False,True
MBG236WBGag5,MBG236,monkey,gag,Bormi,WB,,328,5,0,,,False,True
MBG237WBGag2,MBG237,monkey,gag,Bormi,WB,,328,2,0,,,False,True
MBG237WBGag3,MBG237,monkey,gag,Bormi,WB,,328,3,0,,,False,True
MBG237WBGag4,MBG237,monkey,gag,Bormi,WB,,328,4,0,,,False,True
MBG237WBGag5,MBG237,monkey,gag,Bormi,WB,,328,5,0,,,False,True
MBG238WBGag1,MBG238,monkey,gag,Bormi,WB,,328,1,0,,,False,True
MBG238WBGag2,MBG238,monkey,gag,Bormi,WB,,328,2,0,,,False,True
MBG238WBGag3,MBG238,monkey,gag,Bormi,WB,,328,3,0,,,False,True
MBG238WBGag4,MBG238,monkey,gag,Bormi,WB,,328,4,0,,,False,True
MBG238WBGag5,MBG238,monkey,gag,Bormi,WB,,328,5,0,,,False,True
MBG238WBGag6,MBG238,monkey,gag,Bormi,WB,,328,6,0,,,False,True
MBG239WBGag1,MBG239,monkey,gag,Bormi,WB,,328,1,0,,,False,True
MBG239WBGag2,MBG239,monkey,gag,Bormi,WB,,328,2,0,,,False,True
MBG239WBGag3,MBG239,monkey,gag,Bormi,WB,,328,3,0,,,False,True
MBG239WBGag6,MBG239,monkey,gag,Bormi,WB,,328,6,0,,,False,True
MBG240WBGag2,MBG240,monkey,gag,Dokhola,WB,,328,2,0,,,False,True
MBG240WBGag3,MBG240,monkey,gag,Dokhola,WB,,328,3,0,,,False,True
MBG240WBGag4,MBG240,monkey,gag,Dokhola,WB,,328,4,0,,,False,True
MBG240WBGag5,MBG240,monkey,gag,Dokhola,WB,,328,5,0,,,False,True
MBG240WBGag6,MBG240,monkey,gag,Dokhola,WB,,328,6,0,,,False,True
MBG241WBGag1,MBG241,monkey,gag,Dokhola,WB,,328,1,0,,,False,True
MBG241WBGag2,MBG241,monkey,gag,Dokhola,WB,,328,2,0,,,False,True
MBG241WBGag3,MBG241,monkey,gag,Dokhola,WB,,328,3,0,,,False,True
MBG241WBGag4,MBG241,monkey,gag,Dokhola,WB,,328,4,0,,,False,True
MBG241WBGag5,MBG241,monkey,gag,Dokhola,WB,,328,5,0,,,False,True
MBG241WBGag6,MBG241,monkey,gag,Dokhola,WB,,328,6,0,,,False,True
MBG242WBGag1,MBG242,monkey,gag,Dokhola,WB,,328,1,0,,,False,True
MBG242WBGag10,MBG242,monkey,gag,Dokhola,WB,,328,10,0,,,False,True
MBG242WBGag11,MBG242,monkey,gag,Dokhola,WB,,328,11,0,,,False,True
MBG242WBGag12,MBG242,monkey,gag,Dokhola,WB,,328,12,0,,,False,True
MBG242WBGag13,MBG242,monkey,gag,Dokhola,WB,,328,13,0,,,False,True
MBG242WBGag14,MBG242,monkey,gag,Dokhola,WB,,328,14,0,,,False,True
MBG243WBGag1,MBG243,monkey,gag,Dokhola,WB,,328,1,0,,,False,True
MBG243WBGag2,MBG243,monkey,gag,Dokhola,WB,,328,2,0,,,False,True
MBG243WBGag3,MBG243,monkey,gag,Dokhola,WB,,328,3,0,,,False,True
MBG243WBGag4,MBG243,monkey,gag,Dokhola,WB,,328,4,0,,,False,True
MBG243WBGag5,MBG243,monkey,gag,Dokhola,WB,,328,5,0,,,False,True
MBG243WBGag6,MBG243,monkey,gag,Dokhola,WB,,328,6,0,,,False,True
MBG244WBGag1,MBG244,monkey,gag,Dokhola,WB,,328,1,0,,,False,True
MBG244WBGag2,MBG244,monkey,gag,Dokhola,WB,,328,2,0,,,False,True
MBG244WBGag3,MBG244,monkey,gag,Dokhola,WB,,328,3,0,,,False,True
MBG244WBGag4,MBG244,monkey,gag,Dokhola,WB,,328,4,0,,,False,True
MBG244WBGag5,MBG244,monkey,gag,Dokhola,WB,,328,5,0,,,False,True
MBG244WBGag6,MBG244,monkey,gag,Dokhola,WB,,328,6,0,,,False,True
MBG245WBGag1,MBG245,monkey,gag,Dokhola,WB,,328,1,0,,,False,True
MBG245WBGag2,MBG245,monkey,gag,Dokhola,WB,,328,2,0,,,False,True
MBG245WBGag3,MBG245,monkey,gag,Dokhola,WB,,328,3,0,,,False,True
MBG245WBGag4,MBG245,monkey,gag,Dokhola,WB,,328,4,0,,,False,True
MBG245WBGag5,MBG245,monkey,gag,Dokhola,WB,,328,5,0,,,False,True
MBG245WBGag6,MBG245,monkey,gag,Dokhola,WB,,328,6,0,,,False,True
MBG246WBGag1,MBG246,monkey,gag,Dokhola,WB,,328,1,0,,,False,True
MBG246WBGag2,MBG246,monkey,gag,Dokhola,WB,,328,2,0,,,False,True
MBG246WBGag3,MBG246,monkey,gag,Dokhola,WB,,328,3,0,,,False,True
MBG246WBGag4,MBG246,monkey,gag,Dokhola,WB,,328,4,0,,,False,True
MBG246WBGag5,MBG246,monkey,gag,Dokhola,WB,,328,5,0,,,False,True
MBG246WBGag6,MBG246,monkey,gag,Dokhola,WB,,328,6,0,,,False,True
MBG247WBGag1,MBG247,monkey,gag,Dokhola,WB,,328,1,0,,,False,True
MBG247WBGag2,MBG247,monkey,gag,Dokhola,WB,,328,2,0,,,False,True
MBG247WBGag4,MBG247,monkey,gag,Dokhola,WB,,328,4,0,,,False,True
MBG247WBGag5,MBG247,monkey,gag,Dokhola,WB,,328,5,0,,,False,True
MBG247WBGag6,MBG247,monkey,gag,Dokhola,WB,,328,6,0,,,False,True
MBG26WBGag1,MBG26,monkey,gag,Bormi,WB,,273,1,0,,,False,True
MBG26WBGag2,MBG26,monkey,gag,Bormi,WB,,273,2,0,,,False,True
MBG26WBGag3,MBG26,monkey,gag,Bormi,WB,,273,3,0,,,False,True
MBG26WBGag4,MBG26,monkey,gag,Bormi,WB,,273,4,0,,,False,True
MBG26WBGag5,MBG26,monkey,gag,Bormi,WB,,273,5,0,,,False,True
MBG26WBGag6,MBG26,monkey,gag,Bormi,WB,,273,6,0,,,False,True
MBG26WBGag7,MBG26,monkey,gag,Bormi,WB,,273,7,0,,,False,True
MBG269WBGag1,MBG269,monkey,gag,Narayanganj,WB,,328,1,0,,,False,True
MBG269WBGag2,MBG269,monkey,gag,Narayanganj,WB,,328,2,0,,,False,True
MBG269WBGag3,MBG269,monkey,gag,Narayanganj,WB,,328,3,0,,,False,True
MBG269WBGag4,MBG269,monkey,gag,Narayanganj,WB,,328,4,0,,,False,True
MBG269WBGag5,MBG269,monkey,gag,Narayanganj,WB,,328,5,0,,,False,True
MBG269WBGag6,MBG269,monkey,gag,Narayanganj,WB,,328,6,0,,,False,True
MBG27WBGag1,MBG27,monkey,gag,Bormi,WB,,273,1,0,,,False,True
MBG27WBGag2,MBG27,monkey,gag,Bormi,WB,,273,2,0,,,False,True
MBG27WBGag3,MBG27,monkey,gag,Bormi,WB,,273,3,0,,,False,True
MBG27WBGag4,MBG27,monkey,gag,Bormi,WB,,273,4,0,,,False,True
MBG27WBGag5,MBG27,monkey,gag,Bormi,WB,,273,5,0,,,False,True
MBG27WBGag6,MBG27,monkey,gag,Bormi,WB,,273,6,0,,,False,True
MBG27WBGag7,MBG27,monkey,gag,Bormi,WB,,273,7,0,,,False,True
MBG270WBGag1,MBG270,monkey,gag,Narayanganj,WB,,328,1,0,,,False,True
MBG270WBGag2,MBG270,monkey,gag,Narayanganj,WB,,328,2,0,,,False,True
MBG270WBGag3,MBG270,monkey,gag,Narayanganj,WB,,328,3,0,,,False,True
MBG270WBGag4,MBG270,monkey,gag,Narayanganj,WB,,328,4,0,,,False,True
MBG270WBGag5,MBG270,monkey,gag,Narayanganj,WB,,328,5,0,,,False,True
MBG270WBGag6,MBG270,monkey,gag,Narayanganj,WB,,328,6,0,,,False,True
MBG28WBGag1,MBG28,monkey,gag,Bormi,WB,,273,1,0,,,False,True
MBG28WBGag2,MBG28,monkey,gag,Bormi,WB,,273,2,0,,,False,True
MBG28WBGag3,MBG28,monkey,gag,Bormi,WB,,273,3,0,,,False,True
MBG28WBGag4,MBG28,monkey,gag,Bormi,WB,,273,4,0,,,False,True
MBG28WBGag5,MBG28,monkey,gag,Bormi,WB,,273,5,0,,,False,True
MBG29WBGag1,MBG29,monkey,gag,Bormi,WB,,273,1,0,,,False,True
MBG29WBGag2,MBG29,monkey,gag,Bormi,WB,,273,2,0,,,False,True
MBG29WBGag3,MBG29,monkey,gag,Bormi,WB,,273,3,0,,,False,True
MBG29WBGag4,MBG29,monkey,gag,Bormi,WB,,273,4,0,,,False,True
MBG29WBGag5,MBG29,monkey,gag,Bormi,WB,,273,5,0,,,False,True
MBG29WBGag6,MBG29,monkey,gag,Bormi,WB,,273,6,0,,,False,True
MBG29WBGag7,MBG29,monkey,gag,Bormi,WB,,273,7,0,,,False,True
MBG30WBGag1,MBG30,monkey,gag,Bormi,WB,,273,1,0,,,False,True
MBG30WBGag2,MBG30,monkey,gag,Bormi,WB,,273,2,0,,,False,True
MBG30WBGag3,MBG30,monkey,gag,Bormi,WB,,273,3,0,,,False,True
MBG30WBGag4,MBG30,monkey,gag,Bormi,WB,,273,4,0,,,False,True
MBG30WBGag5,MBG30,monkey,gag,Bormi,WB,,273,5,0,,,False,True
MBG30WBGag6,MBG30,monkey,gag,Bormi,WB,,273,6,0,,,False,True
MBG31WBGag1,MBG31,monkey,gag,Bormi,WB,,273,1,0,,,False,True
MBG31WBGag2,MBG31,monkey,gag,Bormi,WB,,273,2,0,,,False,True
MBG31WBGag3,MBG31,monkey,gag,Bormi,WB,,273,3,0,,,False,True
MBG31WBGag4,MBG31,monkey,gag,Bormi,WB,,273,4,0,,,False,True
MBG31WBGag5,MBG31,monkey,gag,Bormi,WB,,273,5,0,,,False,True
MBG31WBGag6,MBG31,monkey,gag,Bormi,WB,,273,6,0,,,False,True
MBG31WBGag7,MBG31,monkey,gag,Bormi,WB,,273,7,0,,,False,True
MBG32WBGag1,MBG32,monkey,gag,Bormi,WB,,273,1,0,,,False,True
MBG32WBGag2,MBG32,monkey,gag,Bormi,WB,,273,2,0,,,False,True
MBG32WBGag3,MBG32,monkey,gag,Bormi,WB,,273,3,0,,,False,True
MBG32WBGag4,MBG32,monkey,gag,Bormi,WB,,273,4,0,,,False,True
MBG32WBGag5,MBG32,monkey,gag,Bormi,WB,,273,5,0,,,False,True
MBG32WBGag6,MBG32,monkey,gag,Bormi,WB,,273,6,0,,,False,True
MBG33WBGag1,MBG33,monkey,gag,Bormi,WB,,273,1,0,,,False,True
MBG33WBGag2,MBG33,monkey,gag,Bormi,WB,,273,2,0,,,False,True
MBG33WBGag3,MBG33,monkey,gag,Bormi,WB,,273,3,0,,,False,True
MBG33WBGag4,MBG33,monkey,gag,Bormi,WB,,273,4,0,,,False,True
MBG33WBGag5,MBG33,monkey,gag,Bormi,WB,,273,5,0,,,False,True
MBG33WBGag6,MBG33,monkey,gag,Bormi,WB,,273,6,0,,,False,True
MBG34WBGag102,MBG34,monkey,gag,Performing,WB,,282,102,1,,,False,True
MBG34WBGag103,MBG34,monkey,gag,Performing,WB,,282,103,1,,,False,True
MBG34WBGag104,MBG34,monkey,gag,Performing,WB,,282,104,1,,,False,True
MBG34WBGag105,MBG34,monkey,gag,Performing,WB,,282,105,1,,,False,True
MBG34WBGag106,MBG34,monkey,gag,Performing,WB,,282,106,1,,,False,True
MBG34WBGag107,MBG34,monkey,gag,Performing,WB,,282,107,1,,,False,True
MBG35WBGag1,MBG35,monkey,gag,Performing,WB,,282,1,0,,,False,True
MBG35WBGag2,MBG35,monkey,gag,Performing,WB,,282,2,0,,,False,True
MBG35WBGag3,MBG35,monkey,gag,Performing,WB,,282,3,0,,,False,True
MBG35WBGag4,MBG35,monkey,gag,Performing,WB,,282,4,0,,,False,True
MBG35WBGag5,MBG35,monkey,gag,Performing,WB,,282,5,0,,,False,True
MBG35WBGag6,MBG35,monkey,gag,Performing,WB,,282,6,0,,,False,True
MBG35WBGag7,MBG35,monkey,gag,Performing,WB,,282,7,0,,,False,True
MBG35WBGag8,MBG35,monkey,gag,Performing,WB,,282,8,0,,,False,True
MBG35WBGag9,MBG35,monkey,gag,Performing,WB,,282,9,0,,,False,True
MBG35WBGag10,MBG35,monkey,gag,Performing,WB,,282,10,0,,,False,True
MBG35WBGag11,MBG35,monkey,gag,Performing,WB,,282,11,0,,,False,True
MBG35WBGag12,MBG35,monkey,gag,Performing,WB,,282,12,0,,,False,True
MBG35WBGag13,MBG35,monkey,gag,Performing,WB,,282,13,0,,,False,True
MBG35WBGag14,MBG35,monkey,gag,Performing,WB,,282,14,0,,,False,True
MBG36WBGag1,MBG36,monkey,gag,Performing,WB,,282,1,0,,,False,True
MBG36WBGag2,MBG36,monkey,gag,Performing,WB,,282,2,0,,,False,True
MBG36WBGag3,MBG36,monkey,gag,Performing,WB,,282,3,0,,,False,True
MBG36WBGag4,MBG36,monkey,gag,Performing,WB,,282,4,0,,,False,True
MBG36WBGag5,MBG36,monkey,gag,Performing,WB,,282,5,0,,,False,True
MBG4WBGag1,MBG4,monkey,gag,Dhamrai,WB,,264,1,0,,,False,True
MBG4WBGag2,MBG4,monkey,gag,Dhamrai,WB,,264,2,0,,,False,True
MBG4WBGag3,MBG4,monkey,gag,Dhamrai,WB,,264,3,0,,,False,True
MBG4WBGag4,MBG4,monkey,gag,Dhamrai,WB,,264,4,0,,,False,True
MBG4WBGag5,MBG4,monkey,gag,Dhamrai,WB,,264,5,0,,,False,True
MBG4WBGag6,MBG4,monkey,gag,Dhamrai,WB,,264,6,0,,,False,True
MBG4WBGag101,MBG4,monkey,gag,Dhamrai,WB,,264,101,1,,,False,True
MBG4WBGag201,MBG4,monkey,gag,Dhamrai,WB,,264,201,2,,,False,True
MBG53WBGag1,MBG53,monkey,gag,Charmaguria,WB,,282,1,0,,,False,True
MBG53WBGag6,MBG53,monkey,gag,Charmaguria,WB,,282,6,0,,,False,True
MBG53WBGag106,MBG53,monkey,gag,Charmaguria,WB,,282,106,1,,,False,True
MBG53WBGag107,MBG53,monkey,gag,Charmaguria,WB,,282,107,1,,,False,True
MBG53hsWBGag201,MBG53,monkey,gag,Charmaguria,WB,,282,201,2,hs,,False,True
MBG54WBGag1,MBG54,monkey,gag,Charmaguria,WB,,282,1,0,,,False,True
MBG54WBGag4,MBG54,monkey,gag,Charmaguria,WB,,282,4,0,,,False,True
MBG54WBGag7,MBG54,monkey,gag,Charmaguria,WB,,282,7,0,,,False,True
MBG54WBGag9,MBG54,monkey,gag,Charmaguria,WB,,282,9,0,,,False,True
MBG54WBGag101,MBG54,monkey,gag,Charmaguria,WB,,282,101,1,,,False,True
MBG55WBGag3,MBG55,monkey,gag,Charmaguria,WB,,282,3,0,,,False,True
MBG55WBGag4,MBG55,monkey,gag,Charmaguria,WB,,282,4,0,,,False,True
MBG55WBGag100,MBG55,monkey,gag,Charmaguria,WB,,282,100,1,,,False,True
MBG55WBGag201,MBG55,monkey,gag,Charmaguria,WB,,282,201,2,,,False,True
MBG55WBGag202,MBG55,monkey,gag,Charmaguria,WB,,282,202,2,,,False,True
MBG55WBGag205,MBG55,monkey,gag,Charmaguria,WB,,282,205,2,,,False,True
MBG56WBGag2,MBG56,monkey,gag,Charmaguria,WB,,282,2,0,,,False,True
MBG56WBGag3,MBG56,monkey,gag,Charmaguria,WB,,282,3,0,,,False,True
MBG56WBGag4,MBG56,monkey,gag,Charmaguria,WB,,282,4,0,,,False,True
MBG56WBGag5,MBG56,monkey,gag,Charmaguria,WB,,282,5,0,,,False,True
MBG56WBGag6,MBG56,monkey,gag,Charmaguria,WB,,282,6,0,,,False,True
MBG56WBGag7,MBG56,monkey,gag,Charmaguria,WB,,282,7,0,,,False,True
MBG56WBGag8,MBG56,monkey,gag,Charmaguria,WB,,282,8,0,,,False,True
MBG57WBGag3,MBG57,monkey,gag,Charmaguria,WB,,282,3,0,,,False,True
MBG57WBGag4,MBG57,monkey,gag,Charmaguria,WB,,282,4,0,,,False,True
MBG57WBGag101,MBG57,monkey,gag,Charmaguria,WB,,282,101,1,,,False,True
MBG57WBGag102,MBG57,monkey,gag,Charmaguria,WB,,282,102,1,,,False,True
MBG57WBGag103,MBG57,monkey,gag,Charmaguria,WB,,282,103,1,,,False,True
MBG57WBGag104,MBG57,monkey,gag,Charmaguria,WB,,282,104,1,,,False,True
MBG57WBGag105,MBG57,monkey,gag,Charmaguria,WB,,282,105,1,,,False,True
MBG57WBGag106,MBG57,monkey,gag,Charmaguria,WB,,282,106,1,,,False,True
MBG58WBGag3,MBG58,monkey,gag,Charmaguria,WB,,282,3,0,,,False,True
MBG58WBGag4,MBG58,monkey,gag,Charmaguria,WB,,282,4,0,,,False,True
MBG58WBGag5,MBG58,monkey,gag,Charmaguria,WB,,282,5,0,,,False,True
MBG58WBGag103,MBG58,monkey,gag,Charmaguria,WB,,282,103,1,,,False,True
MBG58WBGag201,MBG58,monkey,gag,Charmaguria,WB,,282,201,2,,,False,True
MBG58WBGag205,MBG58,monkey,gag,Charmaguria,WB,,282,205,2,,,False,True
MBG58WBGag207,MBG58,monkey,gag,Charmaguria,WB,,282,207,2,,,False,True
MBG59WBGag3,MBG59,monkey,gag,Charmaguria,WB,,282,3,0,,,False,True
MBG59WBGag5,MBG59,monkey,gag,Charmaguria,WB,,282,5,0,,,False,True
MBG59WBGag7,MBG59,monkey,gag,Charmaguria,WB,,282,7,0,,,False,True
MBG59WBGag101,MBG59,monkey,gag,Charmaguria,WB,,282,101,1,,,False,True
MBG59WBGag102,MBG59,monkey,gag,Charmaguria,WB,,282,102,1,,,False,True
MBG59WBGag103,MBG59,monkey,gag,Charmaguria,WB,,282,103,1,,,False,True
MBG6WBGag7,MBG6,monkey,gag,Dhamrai,WB,,264,7,0,,,False,True
MBG6WBGag8,MBG6,monkey,gag,Dhamrai,WB,,264,8,0,,,False,True
MBG6WBGag9,MBG6,monkey,gag,Dhamrai,WB,,264,9,0,,,False,True
MBG6WBGag10,MBG6,monkey,gag,Dhamrai,WB,,264,10,0,,,False,True
MBG6WBGag11,MBG6,monkey,gag,Dhamrai,WB,,264,11,0,,,False,True
MBG6WBGag12,MBG6,monkey,gag,Dhamrai,WB,,264,12,0,,,False,True
MBG6WBGag13,MBG6,monkey,gag,Dhamrai,WB,,264,13,0,,,False,True
MBG6WBGag14,MBG6,monkey,gag,Dhamrai,WB,,264,14,0,,,False,True
MBG60WBGag4,MBG60,monkey,gag,Charmaguria,WB,,282,4,0,,,False,True
MBG60WBGag5,MBG60,monkey,gag,Charmaguria,WB,,282,5,0,,,False,True
MBG60WBGag10,MBG60,monkey,gag,Charmaguria,WB,,282,10,0,,,False,True
MBG60WBGag101,MBG60,monkey,gag,Charmaguria,WB,,282,101,1,,,False,True
MBG60WBGag102,MBG60,monkey,gag,Charmaguria,WB,,282,102,1,,,False,True
MBG60WBGag103,MBG60,monkey,gag,Charmaguria,WB,,282,103,1,,,False,True
MBG60WBGag202,MBG60,monkey,gag,Charmaguria,WB,,282,202,2,,,False,True
MBG60WBGag206,MBG60,monkey,gag,Charmaguria,WB,,282,206,2,,,False,True
MBG60WBGag209,MBG60,monkey,gag,Charmaguria,WB,,282,209,2,,,False,True
MBG60WBGag212,MBG60,monkey,gag,Charmaguria,WB,,282,212,2,,,False,True
MBG60WBGag301,MBG60,monkey,gag,Charmaguria,WB,,282,301,3,,,False,True
MBG60WBGag302,MBG60,monkey,gag,Charmaguria,WB,,282,302,3,,,False,True
MBG60WBGag303,MBG60,monkey,gag,Charmaguria,WB,,282,303,3,,,False,True
MBG60WBGag304,MBG60,monkey,gag,Charmaguria,WB,,282,304,3,,,False,True
MBG60WBGag305,MBG60,monkey,gag,Charmaguria,WB,,282,305,3,,,False,True
MBG61WBGag3,MBG61,monkey,gag,Charmaguria,WB,,282,3,0,,,False,True
MBG61WBGag4,MBG61,monkey,gag,Charmaguria,WB,,282,4,0,,,False,True
MBG61WBGag6,MBG61,monkey,gag,Charmaguria,WB,,282,6,0,,,False,True
MBG61WBGag8,MBG61,monkey,gag,Charmaguria,WB,,282,8,0,,,False,True
MBG61WBGag9,MBG61,monkey,gag,Charmaguria,WB,,282,9,0,,,False,True
MBG61WBGag10,MBG61,monkey,gag,Charmaguria,WB,,282,10,0,,,False,True
MBG63WBGag1,MBG63,monkey,gag,Charmaguria,WB,,282,1,0,,,False,True
MBG63WBGag2,MBG63,monkey,gag,Charmaguria,WB,,282,2,0,,,False,True
MBG63WBGag4,MBG63,monkey,gag,Charmaguria,WB,,282,4,0,,,False,True
MBG63WBGag5,MBG63,monkey,gag,Charmaguria,WB,,282,5,0,,,False,True
MBG63WBGag6,MBG63,monkey,gag,Charmaguria,WB,,282,6,0,,,False,True
MBG63WBGag8,MBG63,monkey,gag,Charmaguria,WB,,282,8,0,,,False,True
MBG63WBGag9,MBG63,monkey,gag,Charmaguria,WB,,282,9,0,,,False,True
MBG64WBGag1,MBG64,monkey,gag,Charmaguria,WB,,282,1,0,,,False,True
MBG64WBGag3,MBG64,monkey,gag,Charmaguria,WB,,282,3,0,,,False,True
MBG64WBGag4,MBG64,monkey,gag,Charmaguria,WB,,282,4,0,,,False,True
MBG64WBGag5,MBG64,monkey,gag,Charmaguria,WB,,282,5,0,,,False,True
MBG64WBGag6,MBG64,monkey,gag,Charmaguria,WB,,282,6,0,,,False,True
MBG64WBGag8,MBG64,monkey,gag,Charmaguria,WB,,282,8,0,,,False,True
MBG64WBGag9,MBG64,monkey,gag,Charmaguria,WB,,282,9,0,,,False,True
MBG65WBGag2,MBG65,monkey,gag,Charmaguria,WB,,282,2,0,,,False,True
MBG65WBGag4,MBG65,monkey,gag,Charmaguria,WB,,282,4,0,,,False,True
MBG65WBGag5,MBG65,monkey,gag,Charmaguria,WB,,282,5,0,,,False,True
MBG66WBGag8,MBG66,monkey,gag,Charmaguria,WB,,282,8,0,,,False,True
MBG66WBGag101,MBG66,monkey,gag,Charmaguria,WB,,282,101,1,,,False,True
MBG66WBGag103,MBG66,monkey,gag,Charmaguria,WB,,282,103,1,,,False,True
MBG66WBGag104,MBG66,monkey,gag,Charmaguria,WB,,282,104,1,,,False,True
MBG66WBGag107,MBG66,monkey,gag,Charmaguria,WB,,282,107,1,,,False,True
MBG66WBGag108,MBG66,monkey,gag,Charmaguria,WB,,282,108,1,,,False,True
MBG67WBGag1,MBG67,monkey,gag,Charmaguria,WB,,282,1,0,,,False,True
MBG67WBGag8,MBG67,monkey,gag,Charmaguria,WB,,282,8,0,,,False,True
MBG67WBGag9,MBG67,monkey,gag,Charmaguria,WB,,282,9,0,,,False,True
MBG67WBGag101,MBG67,monkey,gag,Charmaguria,WB,,282,101,1,,,False,True
MBG67WBGag103,MBG67,monkey,gag,Charmaguria,WB,,282,103,1,,,False,True
MBG68WBGag4,MBG68,monkey,gag,Charmaguria,WB,,282,4,0,,,False,True
MBG68WBGag101,MBG68,monkey,gag,Charmaguria,WB,,282,101,1,,,False,True
MBG68WBGag102,MBG68,monkey,gag,Charmaguria,WB,,282,102,1,,,False,True
MBG68WBGag103,MBG68,monkey,gag,Charmaguria,WB,,282,103,1,,,False,True
MBG68WBGag201,MBG68,monkey,gag,Charmaguria,WB,,282,201,2,,,False,True
MBG68WBGag203,MBG68,monkey,gag,Charmaguria,WB,,282,203,2,,,False,True
MBG69WBGag2,MBG69,monkey,gag,Charmaguria,WB,,282,2,0,,,False,True
MBG69WBGag4,MBG69,monkey,gag,Charmaguria,WB,,282,4,0,,,False,True
MBG69WBGag9,MBG69,monkey,gag,Charmaguria,WB,,282,9,0,,,False,True
MBG69WBGag10,MBG69,monkey,gag,Charmaguria,WB,,282,10,0,,,False,True
MBG69WBGag104,MBG69,monkey,gag,Charmaguria,WB,,282,104,1,,,False,True
MBG69WBGag105,MBG69,monkey,gag,Charmaguria,WB,,282,105,1,,,False,True
MBG69WBGag106,MBG69,monkey,gag,Charmaguria,WB,,282,106,1,,,False,True
MBG7WBGag1,MBG7,monkey,gag,Performing,WB,,265,1,0,,,False,True
MBG7WBGag2,MBG7,monkey,gag,Performing,WB,,265,2,0,,,False,True
MBG7WBGag3,MBG7,monkey,gag,Performing,WB,,265,3,0,,,False,True
MBG7WBGag4,MBG7,monkey,gag,Performing,WB,,265,4,0,,,False,True
MBG7WBGag5,MBG7,monkey,gag,Performing,WB,,265,5,0,,,False,True
MBG7WBGag6,MBG7,monkey,gag,Performing,WB,,265,6,0,,,False,True
MBG70WBGag1,MBG70,monkey,gag,Charmaguria,WB,,282,1,0,,,False,True
MBG70WBGag2,MBG70,monkey,gag,Charmaguria,WB,,282,2,0,,,False,True
MBG70WBGag3,MBG70,monkey,gag,Charmaguria,WB,,282,3,0,,,False,True
MBG70WBGag5,MBG70,monkey,gag,Charmaguria,WB,,282,5,0,,,False,True
MBG70WBGag6,MBG70,monkey,gag,Charmaguria,WB,,282,6,0,,,False,True
MBG70WBGag7,MBG70,monkey,gag,Charmaguria,WB,,282,7,0,,,False,True
MBG8WBGag1,MBG8,monkey,gag,Performing,WB,,265,1,0,,,False,True
MBG8WBGag2,MBG8,monkey,gag,Performing,WB,,265,2,0,,,False,True
MBG8WBGag3,MBG8,monkey,gag,Performing,WB,,265,3,0,,,False,True
MBG8WBGag4,MBG8,monkey,gag,Performing,WB,,265,4,0,,,False,True
MBG8WBGag5,MBG8,monkey,gag,Performing,WB,,265,5,0,,,False,True
MBG8WBGag6,MBG8,monkey,gag,Performing,WB,,265,6,0,,,False,True
MBG84WBGag1,MBG84,monkey,gag,Bormi,WB,1,298,1,0,,,True,True
MBG84WBGag2,MBG84,monkey,gag,Bormi,WB,1,298,2,0,,,True,True
MBG84WBGag3,MBG84,monkey,gag,Bormi,WB,1,298,3,0,,,True,True
MBG84WBGag4,MBG84,monkey,gag,Bormi,WB,1,298,4,0,,,True,True
MBG84WBGag5,MBG84,monkey,gag,Bormi,WB,1,298,5,0,,,True,True
MBG84WBGag6,MBG84,monkey,gag,Bormi,WB,1,298,6,0,,,True,True
MBG213hsnWBGag2,MBG84,monkey,gag,Bormi,WB,2,313,2,0,hsn,,True,False
MBG213hsnWBGag3,MBG84,monkey,gag,Bormi,WB,2,313,3,0,hsn,,True,False
MBG213hsnWBGag4,MBG84,monkey,gag,Bormi,WB,2,313,4,0,hsn,,True,False
MBG213WBGag5,MBG84,monkey,gag,Bormi,WB,2,313,5,0,,,True,False
MBG213WBGag6,MBG84,monkey,gag,Bormi,WB,2,313,6,0,,,True,False
MBG213WBGag7,MBG84,monkey,gag,Bormi,WB,2,313,7,0,,,True,False
MBG213WBGag8,MBG84,monkey,gag,Bormi,WB,2,313,8,0,,,True,False
MBG213WBGag9,MBG84,monkey,gag,Bormi,WB,2,313,9,0,,,True,False
MBG85WBGag1,MBG85,monkey,gag,Bormi,WB,,298,1,0,,,False,True
MBG85WBGag2,MBG85,monkey,gag,Bormi,WB,,298,2,0,,,False,True
MBG85WBGag3,MBG85,monkey,gag,Bormi,WB,,298,3,0,,,False,True
MBG85WBGag4,MBG85,monkey,gag,Bormi,WB,,298,4,0,,,False,True
MBG85WBGag6,MBG85,monkey,gag,Bormi,WB,,298,6,0,,,False,True
MBG85WBGag7,MBG85,monkey,gag,Bormi,WB,,298,7,0,,,False,True
MBG85WBGag8,MBG85,monkey,gag,Bormi,WB,,298,8,0,,,False,True
MBG86WBGag1,MBG86,monkey,gag,Bormi,WB,,298,1,0,,,False,True
MBG86WBGag2,MBG86,monkey,gag,Bormi,WB,,298,2,0,,,False,True
MBG86WBGag3,MBG86,monkey,gag,Bormi,WB,,298,3,0,,,False,True
MBG86WBGag4,MBG86,monkey,gag,Bormi,WB,,298,4,0,,,False,True
MBG86WBGag5,MBG86,monkey,gag,Bormi,WB,,298,5,0,,,False,True
MBG86WBGag6,MBG86,monkey,gag,Bormi,WB,,298,6,0,,,False,True
MBG86WBGag7,MBG86,monkey,gag,Bormi,WB,,298,7,0,,,False,True
MBG86hsnWBGag101,MBG86,monkey,gag,Bormi,WB,,298,101,1,hsn,,False,True
MBG86hsnWBGag102,MBG86,monkey,gag,Bormi,WB,,298,102,1,hsn,,False,True
MBG86hsnWBGag103,MBG86,monkey,gag,Bormi,WB,,298,103,1,hsn,,False,True
MBG86hsnWBGag104,MBG86,monkey,gag,Bormi,WB,,298,104,1,hsn,,False,True
MBG87WBGag1,MBG87,monkey,gag,Bormi,WB,,298,1,0,,,False,True
MBG87WBGag2,MBG87,monkey,gag,Bormi,WB,,298,2,0,,,False,True
MBG87WBGag3,MBG87,monkey,gag,Bormi,WB,,298,3,0,,,False,True
MBG87WBGag4,MBG87,monkey,gag,Bormi,WB,,298,4,0,,,False,True
MBG87WBGag5,MBG87,monkey,gag,Bormi,WB,,298,5,0,,,False,True
MBG87WBGag6,MBG87,monkey,gag,Bormi,WB,,298,6,0,,,False,True
MBG87WBGag7,MBG87,monkey,gag,Bormi,WB,,298,7,0,,,False,True
MBG87WBGag8,MBG87,monkey,gag,Bormi,WB,,298,8,0,,,False,True
MBG88WBGag1,MBG88,monkey,gag,Bormi,WB,,298,1,0,,,False,True
MBG88WBGag2,MBG88,monkey,gag,Bormi,WB,,298,2,0,,,False,True
MBG88WBGag7,MBG88,monkey,gag,Bormi,WB,,298,7,0,,,False,True
MBG88WBGag8,MBG88,monkey,gag,Bormi,WB,,298,8,0,,,False,True
MBG88WBGag10,MBG88,monkey,gag,Bormi,WB,,298,10,0,,,False,True
MBG88WBGag12,MBG88,monkey,gag,Bormi,WB,,298,12,0,,,False,True
MBG88WBGag14,MBG88,monkey,gag,Bormi,WB,,298,14,0,,,False,True
MBG89WBGag1,MBG89,monkey,gag,Bormi,WB,,298,1,0,,,False,True
MBG89WBGag4,MBG89,monkey,gag,Bormi,WB,,298,4,0,,,False,True
MBG89WBGag5,MBG89,monkey,gag,Bormi,WB,,298,5,0,,,False,True
MBG89WBGag6,MBG89,monkey,gag,Bormi,WB,,298,6,0,,,False,True
MBG89WBGag8,MBG89,monkey,gag,Bormi,WB,,298,8,0,,,False,True
MBG89WBGag9,MBG89,monkey,gag,Bormi,WB,,298,9,0,,,False,True
MBG90WBGag4,MBG90,monkey,gag,Bormi,WB,,298,4,0,,,False,True
MBG90WBGag7,MBG90,monkey,gag,Bormi,WB,,298,7,0,,,False,True
MBG90WBGag9,MBG90,monkey,gag,Bormi,WB,,298,9,0,,,False,True
MBG90WBGag11,MBG90,monkey,gag,Bormi,WB,,298,11,0,,,False,True
MBG90WBGag12,MBG90,monkey,gag,Bormi,WB,,298,12,0,,,False,True
MBG90WBGag13,MBG90,monkey,gag,Bormi,WB,,298,13,0,,,False,True
MBG90WBGag14,MBG90,monkey,gag,Bormi,WB,,298,14,0,,,False,True
MBG91WBGag1,MBG91,monkey,gag,Bormi,WB,1,298,1,0,,,True,True
MBG91WBGag3,MBG91,monkey,gag,Bormi,WB,1,298,3,0,,,True,True
MBG91WBGag7,MBG91,monkey,gag,Bormi,WB,1,298,7,0,,,True,True
MBG91WBGag8,MBG91,monkey,gag,Bormi,WB,1,298,8,0,,,True,True
MBG91WBGag9,MBG91,monkey,gag,Bormi,WB,1,298,9,0,,,True,True
MBG91WBGag10,MBG91,monkey,gag,Bormi,WB,1,298,10,0,,,True,True
MBG234WBGag1,MBG91,monkey,gag,Bormi,WB,2,328,1,0,,,True,False
MBG234WBGag2,MBG91,monkey,gag,Bormi,WB,2,328,2,0,,,True,False
MBG234WBGag3,MBG91,monkey,gag,Bormi,WB,2,328,3,0,,,True,False
MBG234WBGag4,MBG91,monkey,gag,Bormi,WB,2,328,4,0,,,True,False
MBG234WBGag5,MBG91,monkey,gag,Bormi,WB,2,328,5,0,,,True,False
MBG234WBGag6,MBG91,monkey,gag,Bormi,WB,2,328,6,0,,,True,False
MBG92WBGag2,MBG92,monkey,gag,Charmaguria,WB,,299,2,0,,,False,True
MBG92WBGag3,MBG92,monkey,gag,Charmaguria,WB,,299,3,0,,,False,True
MBG92WBGag7,MBG92,monkey,gag,Charmaguria,WB,,299,7,0,,,False,True
MBG92WBGag8,MBG92,monkey,gag,Charmaguria,WB,,299,8,0,,,False,True
MBG92WBGag9,MBG92,monkey,gag,Charmaguria,WB,,299,9,0,,,False,True
MBG92WBGag10,MBG92,monkey,gag,Charmaguria,WB,,299,10,0,,,False,True
MBG93WBGag3,MBG93,monkey,gag,Charmaguria,WB,,299,3,0,,,False,True
MBG93WBGag7,MBG93,monkey,gag,Charmaguria,WB,,299,7,0,,,False,True
MBG93WBGag8,MBG93,monkey,gag,Charmaguria,WB,,299,8,0,,,False,True
MBG93WBGag9,MBG93,monkey,gag,Charmaguria,WB,,299,9,0,,,False,True
MBG93WBGag10,MBG93,monkey,gag,Charmaguria,WB,,299,10,0,,,False,True
MBG93WBGag11,MBG93,monkey,gag,Charmaguria,WB,,299,11,0,,,False,True
MBG94WBGag4,MBG94,monkey,gag,Charmaguria,WB,,299,4,0,,,False,True
MBG94WBGag105,MBG94,monkey,gag,Charmaguria,WB,,299,105,1,,,False,True
MBG94hsWBGag202,MBG94,monkey,gag,Charmaguria,WB,,299,202,2,hs,,False,True
MBG94hsnWBGag301,MBG94,monkey,gag,Charmaguria,WB,,299,301,3,hsn,,False,True
MBG94hsnWBGag307,MBG94,monkey,gag,Charmaguria,WB,,299,307,3,hsn,,False,True
MBG95WBGag1,MBG95,monkey,gag,Charmaguria,WB,,299,1,0,,,False,True
MBG95WBGag3,MBG95,monkey,gag,Charmaguria,WB,,299,3,0,,,False,True
MBG95WBGag4,MBG95,monkey,gag,Charmaguria,WB,,299,4,0,,,False,True
MBG95WBGag6,MBG95,monkey,gag,Charmaguria,WB,,299,6,0,,,False,True
MBG95WBGag8,MBG95,monkey,gag,Charmaguria,WB,,299,8,0,,,False,True
MBG95WBGag9,MBG95,monkey,gag,Charmaguria,WB,,299,9,0,,,False,True
MBG96WBGag1,MBG96,monkey,gag,Charmaguria,WB,,299,1,0,,,False,True
MBG96WBGag2,MBG96,monkey,gag,Charmaguria,WB,,299,2,0,,,False,True
MBG96WBGag3,MBG96,monkey,gag,Charmaguria,WB,,299,3,0,,,False,True
MBG96WBGag4,MBG96,monkey,gag,Charmaguria,WB,,299,4,0,,,False,True
MBG96WBGag5,MBG96,monkey,gag,Charmaguria,WB,,299,5,0,,,False,True
MBG96WBGag6,MBG96,monkey,gag,Charmaguria,WB,,299,6,0,,,False,True
MBG97WBGag3,MBG97,monkey,gag,Charmaguria,WB,,299,3,0,,,False,True
MBG97WBGag7,MBG97,monkey,gag,Charmaguria,WB,,299,7,0,,,False,True
MBG97WBGag8,MBG97,monkey,gag,Charmaguria,WB,,299,8,0,,,False,True
MBG97WBGag9,MBG97,monkey,gag,Charmaguria,WB,,299,9,0,,,False,True
MBG97WBGag10,MBG97,monkey,gag,Charmaguria,WB,,299,10,0,,,False,True
MBG97WBGag11,MBG97,monkey,gag,Charmaguria,WB,,299,11,0,,,False,True
MBG99WBGag1,MBG99,monkey,gag,Charmaguria,WB,,299,1,0,,,False,True
MBG99WBGag2,MBG99,monkey,gag,Charmaguria,WB,,299,2,0,,,False,True
MBG99WBGag3,MBG99,monkey,gag,Charmaguria,WB,,299,3,0,,,False,True
MBG99WBGag4,MBG99,monkey,gag,Charmaguria,WB,,299,4,0,,,False,True
MBG99WBGag7,MBG99,monkey,gag,Charmaguria,WB,,299,7,0,,,False,True
MBG99WBGag8,MBG99,monkey,gag,Charmaguria,WB,,299,8,0,,,False,True
